ISO3,Pop,COUNTRY,bovinepppd,shoatpppd,pigpppd,poultrypppd,birdpppd,horsepppd,assespppd,mulespppd,camelpppd,rabbitpppd,rodentspppd,camelidspppd,gamepppd,driednespppd,nespppd,snailpppd,gamepcpa,allmeatpppd,allmeatpcpa,percent_game_pppd,percent_game_pcpa
AFG,38928346,Afghanistan,NA,NA,NA,NA,NA,NA,NA,NA,NA,NA,NA,NA,NA,NA,NA,NA,NA,0,0,NA,NA
BMU,62278,Bermuda,NA,NA,NA,NA,NA,NA,NA,NA,NA,NA,NA,NA,NA,NA,NA,NA,NA,0,0,NA,NA
KHM,16718965,Cambodia,NA,NA,NA,NA,NA,NA,NA,NA,NA,NA,NA,NA,NA,NA,NA,NA,NA,0,0,NA,NA
TCD,16425864,Chad,NA,NA,NA,NA,NA,NA,NA,NA,NA,NA,NA,NA,NA,NA,NA,NA,NA,0,0,NA,NA
GAB,2225734,Gabon,NA,NA,NA,NA,NA,NA,NA,NA,NA,NA,NA,NA,NA,NA,NA,NA,NA,0,0,NA,NA
KIR,119449,Kiribati,NA,NA,NA,NA,NA,NA,NA,NA,NA,NA,NA,NA,NA,NA,NA,NA,NA,0,0,NA,NA
LSO,2142249,Lesotho,NA,NA,NA,NA,NA,NA,NA,NA,NA,NA,NA,NA,NA,NA,NA,NA,NA,0,0,NA,NA
LBR,5057681,Liberia,NA,NA,NA,NA,NA,NA,NA,NA,NA,NA,NA,NA,NA,NA,NA,NA,NA,0,0,NA,NA
MMR,54409800,Myanmar,NA,NA,NA,NA,NA,NA,NA,NA,NA,NA,NA,NA,NA,NA,NA,NA,NA,0,0,NA,NA
NDA,227049,Netherlands Antilles,NA,NA,NA,NA,NA,NA,NA,NA,NA,NA,NA,NA,NA,NA,NA,NA,NA,0,0,NA,NA
PRK,25778816,Democratic People's Republic of Korea,NA,NA,NA,NA,NA,NA,NA,NA,NA,NA,NA,NA,NA,NA,NA,NA,NA,0,0,NA,NA
WSM,198414,Samoa,NA,NA,NA,NA,NA,NA,NA,NA,NA,NA,NA,NA,NA,NA,NA,NA,NA,0,0,NA,NA
STP,219159,Sao Tome and Principe,NA,NA,NA,NA,NA,NA,NA,NA,NA,NA,NA,NA,NA,NA,NA,NA,NA,0,0,NA,NA
SLE,7976983,Sierra Leone,NA,NA,NA,NA,NA,NA,NA,NA,NA,NA,NA,NA,NA,NA,NA,NA,NA,0,0,NA,NA
SLB,686884,Solomon Islands,NA,NA,NA,NA,NA,NA,NA,NA,NA,NA,NA,NA,NA,NA,NA,NA,NA,0,0,NA,NA
SOM,15893222,Somalia,NA,NA,NA,NA,NA,NA,NA,NA,NA,NA,NA,NA,NA,NA,NA,NA,NA,0,0,NA,NA
TLS,1318445,Timor-Leste,NA,NA,NA,NA,NA,NA,NA,NA,NA,NA,NA,NA,NA,NA,NA,NA,NA,0,0,NA,NA
TGO,8278724,Togo,NA,NA,NA,NA,NA,NA,NA,NA,NA,NA,NA,NA,NA,NA,NA,NA,NA,0,0,NA,NA
TKM,6031200,Turkmenistan,NA,NA,NA,NA,NA,NA,NA,NA,NA,NA,NA,NA,NA,NA,NA,NA,NA,0,0,NA,NA
UGA,45741007,Uganda,NA,NA,NA,NA,NA,NA,NA,NA,NA,NA,NA,NA,NA,NA,NA,NA,NA,0,0,NA,NA
VUT,307145,Vanuatu,NA,NA,NA,NA,NA,NA,NA,NA,NA,NA,NA,NA,NA,NA,NA,NA,NA,0,0,NA,NA
VNM,97338579,Viet Nam,NA,NA,NA,NA,NA,NA,NA,NA,NA,NA,NA,NA,NA,NA,NA,NA,NA,0,0,NA,NA
ZMB,18383955,Zambia,NA,NA,NA,NA,NA,NA,NA,NA,NA,NA,NA,NA,NA,NA,NA,NA,NA,0,0,NA,NA
CIV,26378274,Cote d'Ivoire,0.53164,0.24139,0.31924,0.61004,NA,8.4625e-4,NA,NA,NA,3.05e-5,NA,NA,6.0995,0,0.50185,0.0047772,58766636.596560754,8.30931395,80057452.78570093,73.40557880834434,73.40557880834433
BWA,2351627,Botswana,2.2981,1.388,0.17866,1.7454,NA,0,NA,NA,NA,0.29485,NA,NA,9.7246,0,0.22669,NA,8352767.810314051,15.856300000000001,13619479.693836527,61.329566166129545,61.329566166129545
COG,5518087,Congo,0.76602,0.14199,0.73513,7.5543,NA,NA,NA,NA,NA,1.4007e-4,NA,NA,8.0824,0,8.53e-5,NA,16289925.8712042,17.28006537,34827648.214251064,46.7729712066477,46.77297120664769
CMR,26545863,Cameroon,1.5549,0.62122,0.57405,1.1252,NA,0.0082824,NA,NA,NA,0.0026853,NA,NA,2.618,4.5222e-4,5.11e-5,NA,25383804.574243497,6.50484102,63070134.92673902,40.24694826438663,40.24694826438663
RWA,12952218,Rwanda,0.89465,0.29818,0.2138,0.07456,NA,0,NA,NA,NA,0.1147,NA,NA,0.98654,1.9078e-4,0,NA,4667121.08847423,2.58262078,12217856.251008337,38.199181530631066,38.199181530631066
GHA,31072940,Ghana,0.33728,0.63187,0.33096,2.7147,NA,NA,NA,NA,NA,0,NA,NA,2.4932,1.7131e-4,0.654,NA,28296302.476422,7.16218131,81286398.49941295,34.81062391591424,34.81062391591424
ETH,114963588,Ethiopia,1.3005,0.55022,0.0058576,0.20335,NA,0,NA,NA,NA,NA,NA,NA,0.79195,0,0,NA,33254337.28693815,2.8518776,119751625.24334072,27.76942460644174,27.769424606441735
ZWE,14862924,Zimbabwe,2.1895,0.35498,0.823,2.2673,NA,NA,NA,NA,NA,NA,NA,NA,2.1336,0,0.023943,NA,11582638.0295976,7.792323,42302051.330478095,27.38079517494334,27.38079517494334
CAF,4829767,Central African Republic,5.6709,1.885,1.1715,0.4677,NA,0,NA,NA,NA,0,NA,NA,3.7551,0,0.95854,NA,6624268.257035926,13.90874,24536024.307572592,26.998132109738194,26.998132109738197
NER,24206644,Niger,2.4781,1.4803,0.026359,0.35247,NA,0.029992,NA,NA,NA,NA,NA,NA,1.3872,6.44e-5,0,NA,12264896.5073712,5.7544854,50878148.705434375,24.10641271242082,24.10641271242082
NGA,206139589,Nigeria,0.66884,1.001,0.43346,0.62021,NA,NA,NA,NA,NA,NA,NA,NA,0.82683,1.29e-5,0,NA,62254085.27519076,3.5503529,267314892.04990244,23.2886708248073,23.288670824807305
GMB,2416668,Gambia,0.64883,0.27334,0.10837,1.4675,NA,0,NA,NA,NA,0,NA,NA,0.61446,0,0,NA,542376.46049202,3.1125000000000003,2747366.3595375,19.74168674698795,19.741686746987952
NAM,2540905,Namibia,2.7268,1.8956,1.028,3.3688,1.0079,5.2843e-4,NA,NA,NA,0.10299,NA,NA,2.4033,0,6.4986e-4,NA,2230419.9393191254,12.53456829,11632901.02973962,19.173376732227293,19.173376732227293
MLI,20250833,Mali,2.9698,3.0812,0.055647,0.9964,NA,0.10162,NA,NA,NA,NA,NA,NA,1.3692,7.37e-5,0,NA,10127447.6585499,8.5739407,63418153.422992036,15.969319685171138,15.969319685171135
GIN,13132795,Guinea,1.3634,0.46858,0.07322,0.5287,NA,NA,NA,NA,NA,NA,NA,NA,0.43278,0,0,NA,2075938.925091525,2.8666799999999997,13750756.961461648,15.09690652601616,15.09690652601616
TZA,59734218,United Republic of Tanzania,1.6207,0.43308,0.09958,0.69815,NA,0,NA,NA,NA,0,NA,NA,0.37731,9.17e-5,7.77e-6,NA,8232120.574105095,3.22891947,70448316.77166128,11.685333236260611,11.685333236260613
KEN,53771296,Kenya,3.1155,0.72771,0.076149,0.20674,NA,0,NA,NA,NA,0.041397,NA,NA,0.51525,0,0,NA,10119492.411425998,4.682746,91968971.58978255,11.003159257410076,11.003159257410072
BEN,12123200,Benin,0.90608,0.30528,0.26652,4.2127,NA,0,NA,NA,NA,0.0015127,NA,NA,0.68129,0.0033695,7.0006e-4,NA,3016751.302452,6.37745226,28239350.95433729,10.682792629795397,10.682792629795395
MAR,36910560,Morocco,1.765,1.8978,0.007275,6.5268,NA,0.032903,NA,NA,NA,NA,NA,NA,0.89328,5.07e-5,0,0.20638,12042827.604691198,11.329488699999999,152739431.3803029,7.884557049781073,7.884557049781074
NA,NA,NA,NA,NA,NA,NA,NA,NA,NA,NA,NA,NA,NA,NA,NA,NA,NA,NA,NA,0,NA,NA,NA
BFA,20903273,Burkina Faso,2.2495,1.1821,0.58283,0.81338,NA,0.013446,NA,NA,NA,NA,NA,NA,0.33325,0,0,NA,2544337.2443780624,5.174506,39506941.746609904,6.440228303919253,6.440228303919253
MDG,27691018,Madagascar,2.1895,0.20944,0.77906,1.1387,NA,1.703e-4,NA,NA,NA,0.019654,NA,NA,0.27661,0,0,NA,2797673.461599945,4.6131343,46657906.09850127,5.996140194747854,5.996140194747854
SWE,10099265,Sweden,6.5057,0.49175,9.2004,5.0818,NA,0.10215,NA,NA,NA,8.7202e-4,NA,NA,1.2017,0.11759,0.02639,NA,4432778.735620125,22.72835202,83839357.18560766,5.287228915420504,5.287228915420503
NZL,4822233,New Zealand,12.8096,7.4746,4.7093,11.4792,NA,0.16251,NA,NA,NA,0,NA,NA,1.9008,0,0.24653,NA,3347918.2026576004,38.78254,68308486.74836725,4.90117460073528,4.90117460073528
ZAF,59308690,South Africa,4.5247,1.1856,1.315,11.7941,NA,0.024598,NA,NA,NA,0,NA,NA,0.71549,0,0,NA,15499301.425608525,19.559488,423707389.6806005,3.6580200872333664,3.6580200872333672
AGO,32866272,Angola,2.0323,0.38693,2.3196,5.1853,NA,NA,NA,NA,NA,NA,NA,NA,0.36732,NA,NA,NA,4409458.3560873605,10.29145,123542742.5643996,3.569176355129744,3.569176355129744
PER,32971854,Peru,1.3273,0.35671,1.1388,3.6039,NA,0,NA,NA,NA,0.056355,0.22596,NA,0.19438,0.0033537,0,NA,2340912.4451349303,6.9067587,83177885.56628229,2.8143447374236485,2.8143447374236485
ARG,45195774,Argentina,17.2397,0.51251,3.0732,11.037,NA,0.093184,NA,NA,NA,0.050653,NA,NA,0.82402,0,2.4092e-4,NA,13602721.472813068,32.83050792,541958028.988063,2.509921570534142,2.5099215705341416
SDN,43849260,Sudan (former),2.2723,3.8729,NA,0.33891,NA,0,NA,NA,NA,NA,NA,NA,0.18741,0,0.36985,NA,3001547.73051315,7.04137,112774175.03443456,2.6615559188055733,2.6615559188055733
DEU,83783942,Germany,3.5972,0.32055,12.9688,5.8091,NA,0.023009,NA,NA,NA,0.2752,NA,NA,0.59686,0.59477,9.6874e-4,NA,18265160.342979327,24.186457739999998,740156031.1459863,2.467744580112292,2.467744580112292
MUS,1271768,Mauritius,1.715,1.4909,0.96358,12.9091,NA,NA,NA,NA,NA,0.013417,NA,NA,0.4215,0.0025822,8.7534e-4,NA,195792.33993299998,17.51695454,8136857.693681111,2.4062401888267955,2.4062401888267955
NOR,5421241,Norway,5.1389,1.8541,5.7036,5.5537,NA,0.051088,NA,NA,NA,0.025444,NA,NA,0.41176,0.01382,0.20947,NA,815329.38341694,18.961882,37546579.46251402,2.1715144098038373,2.1715144098038373
DNK,5792202,Denmark,7.9586,0.34969,4.4256,8.2207,NA,0.018395,NA,NA,NA,0.0030545,NA,NA,0.45904,0.75462,0.0014275,NA,971145.84132072,22.191127,46947587.79250163,2.068574525304641,2.068574525304641
CHE,8654622,Switzerland,5.7873,0.55732,8.0946,5.2563,NA,0.4278,NA,NA,NA,0.22736,NA,NA,0.42209,0.13566,0.0087811,NA,1334268.988342695,20.9172111,66121410.346958205,2.0179076358798143,2.017907635879814
AUT,9006398,Austria,4.6654,0.41162,16.3614,6.2035,NA,0.029326,NA,NA,NA,0.035761,NA,NA,0.52131,0.083339,0.0019503,NA,1714894.530939045,28.3136063,93140067.51267248,1.841199579016538,1.8411995790165379
USA,331002651,United States of America,9.9657,0.1457,6.773,16.6289,NA,0.048949,NA,NA,NA,0.0012825,NA,NA,0.444,0,0,NA,53679030.915321,34.0075315,4111466970.1402087,1.305593144859691,1.305593144859691
CYP,1207359,Cyprus,1.8753,1.9634,9.3023,8.5925,0.13929,0,NA,NA,NA,0.3767,NA,NA,0.28311,0.42965,4.7498e-4,NA,124848.07722047248,22.96272498,10126283.287398938,1.2329111647096858,1.2329111647096855
PRT,10196709,Portugal,4.4636,0.87423,9.8818,9.4265,NA,0.010451,NA,NA,NA,0.093453,NA,NA,0.29051,0.071994,0.0010513,NA,1081960.3265132476,25.1135893,93531745.13423842,1.1567840682972386,1.1567840682972386
IRN,83992949,Iran (Islamic Republic of),1.5524,1.2421,0,8.3856,NA,NA,NA,NA,NA,NA,NA,NA,0.10502,0,0,NA,3221848.153828695,11.285120000000001,346209703.27304596,0.9306059660863154,0.9306059660863153
LUX,625978,Luxembourg,8.0016,0.71031,10.3159,7.8102,NA,0.061328,NA,NA,NA,0.32363,NA,NA,0.23853,0.066209,0.050382,NA,54537.13293718501,27.578089,6305411.92280434,0.8649257749512665,0.8649257749512668
ROU,19237691,Romania,1.7542,1.0964,6.8845,4.862,NA,0.10127,NA,NA,NA,0.0059051,NA,NA,0.127,0.092581,0.0041897,NA,892373.96299425,14.9280458,104892908.585084,0.8507476578079631,0.8507476578079631
SVK,5459642,Slovakia,1.208,0.047354,8.4171,5.3048,NA,0.011634,NA,NA,NA,0.40169,NA,NA,0.084901,1.3876,0.16219,NA,169303.99115269052,17.025268999999998,33950671.86662319,0.49867640857833145,0.49867640857833145
BEL,11589623,Belgium,4.3452,0.54275,8.5117,7.4061,NA,0.34181,NA,NA,NA,0.0033936,NA,NA,0.10164,0.22348,0.023137,NA,430253.28014822997,21.4992106,91008519.09924829,0.4727615440912979,0.4727615440912979
NLD,17134872,Netherlands,4.0304,0.35333,8.2377,4.0053,NA,3.52e-5,NA,NA,NA,0,NA,NA,0.10687,7.2281,0.021966,NA,668847.17722626,23.983701200000002,150102281.71664703,0.44559427716686195,0.4455942771668619
URY,3473730,Uruguay,8.1743,2.4109,4.5384,7.4237,NA,0.25932,NA,NA,NA,0.046032000000000003,NA,NA,0.10034,0,1.5184e-4,NA,127309.37341004999,22.95314384,29122487.1443208,0.4371514451329296,0.43715144513292953
TUN,11818619,Tunisia,1.4959,2.0362,0,4.4288,NA,0.027249,NA,NA,NA,NA,NA,NA,0.027199,0,0.31415,0.041021,117411.29929061026,8.370519,36133442.829763584,0.324938035502936,0.324938035502936
POL,37846611,Poland,0.6538,0.018213,12.4256,7.0117,NA,0.013007,NA,NA,NA,0.041696,NA,NA,0.062168,0,0.017623,NA,859377.773144682,20.243807,279839753.2433201,0.3070963875520054,0.3070963875520054
FIN,5540720,Finland,5.0878,0.21127,8.4317,5.8802,NA,0.2984,NA,NA,NA,3.058e-4,NA,NA,0.051897,0.30339,0.36191,NA,105026.44891805999,20.6268728,41743592.16271695,0.2515989723851887,0.25159897238518864
ESP,46754778,Spain,3.5058,0.99079,11.7272,8.7315,NA,0.033468,NA,NA,NA,0.74809,NA,NA,0.056351,0.15156,3.0469e-4,NA,962316.3203272393,25.94506369,443068591.87621635,0.21719353119845816,0.21719353119845816
GBR,67886011,United Kingdom,5.0474,1.7047,6.4723,9.9599,NA,0.0082169,NA,NA,NA,7.893e-4,NA,NA,0.047201,1.1085,0.0010472,NA,1170366.047803318,24.350054399999998,603768499.2250967,0.1938435094420159,0.1938435094420159
FRA,65273511,France,6.8205,1.2021,8.1164,7.461,NA,0.16071,NA,NA,NA,0.45183,NA,NA,0.047379,0.24205,1.0144,NA,1129569.8407686022,25.516369,608339578.0477195,0.18568080748479532,0.18568080748479532
CZE,10708981,Czech Republic,1.9614,0.091065,10.9682,7.4643,NA,0.01944,NA,NA,NA,1.9869,NA,NA,0.038646,0.61603,0.00115,NA,151162.1019199215,23.147130999999998,90538968.46700238,0.16695805627055899,0.16695805627055899
ITA,60461826,Italy,5.7927,0.42619,9.7291,5.8641,0.032963,0.40883,NA,NA,NA,2.3162,NA,NA,0.040578,0.040441,0.25558,NA,896111.646025077,24.906682,550031243.6306164,0.16292013524724008,0.16292013524724008
IRL,4937786,Ireland,6.1586,1.0199,7.8667,6.9309,NA,0,NA,NA,NA,0,NA,NA,0.029098,0.16267,0.19029,NA,52479.009339476994,22.358158,40323526.78862817,0.1301448893956291,0.1301448893956291
LTU,2722289,Lithuania,0.98204,0.076495,10.9973,7.5483,NA,0.0080858,NA,NA,NA,0.020753,NA,NA,0.022819,0.33617,0.057343,NA,22689.29811038775,20.0493058,19935346.693655554,0.11381441446217054,0.11381441446217057
SEN,16743927,Senegal,1.5092,1.0188,0.25481,1.4268,NA,0.31871,NA,NA,NA,0,NA,NA,0.0041859,1.5948e-4,0.1784,NA,25599.789571701825,4.71106538,28811553.64115949,0.08885251344145007,0.08885251344145004
SVN,2078938,Slovenia,5.2923,0.33512,8.9773,7.6097,NA,0.11198,NA,NA,NA,0.017316,NA,NA,0.018912,0.022091,0.030361,NA,14360.488760304,22.41508,17020489.868935857,0.08437177114692432,0.08437177114692432
GRC,10423054,Greece,5.0313,4.648,7.7115,4.765,NA,0.14705,NA,NA,NA,0.38248,NA,NA,0.017262,0.4584,0.024526,NA,65716.787413557,23.185518,88267741.71470277,0.07445164692891486,0.07445164692891486
MLT,441543,Malta,4.9721,0.58646,8.0582,8.2304,NA,0.1527,NA,NA,NA,2.5312,NA,NA,0.010012,0.47736,0,NA,1614.671090469,25.018432,4034812.1133903842,0.04001849516388557,0.04001849516388557
CHN,1439323776,China,1.4869,1.1849,8.2429,4.3707,0,0.077977,NA,NA,NA,0.27819,NA,NA,0.0032549,3.9097e-4,0.14389,NA,1711143.2735930015,15.78910287,8300536782.103432,0.02061485080437632,0.02061485080437632
ARE,9890402,United Arab Emirates,1.3883,2.7502,NA,12.7335,NA,0,NA,NA,NA,0,NA,NA,0.0024813,0.0085734,0.011438,NA,8963.620149769651,16.8944927,61030836.733106144,0.01468703466899601,0.01468703466899601
BGR,6948445,Bulgaria,1.1973,0.6921,6.9136,6.8339,NA,0.05754,NA,NA,NA,0.58481,NA,NA,0.0020892,0.016988,0.011494,NA,5302.2214951335,16.3098212,41393013.85622442,0.012809459860908836,0.012809459860908836
KAZ,18776707,Kazakhstan,5.9541,3.3767,4.1152,5.1917,NA,2.8861,NA,NA,NA,0.17406,NA,NA,0.001514,0.0059625,0.0068222,NA,10383.303038869499,21.7121587,148906158.13086316,0.006973051463556223,0.006973051463556225
RUS,145934462,Russian Federation,4.3694,0.50268,5.5775,7.4675,0.16446,0.30031,NA,NA,NA,0.060838,NA,NA,1.27e-5,0,1.1769,NA,676.94254051785,19.6196007,1045774987.5436053,6.473118487064826e-5,6.473118487064826e-5
BGD,164689383,Bangladesh,0.34977,0.48447,0,0.44611,NA,0,NA,NA,NA,NA,NA,NA,0,5.32e-5,0.053797,NA,0,1.3342002,80255873.97574808,0,0
IDN,273523615,Indonesia,0.66187,0.1712,0.7178,2.2467,NA,0,NA,NA,NA,0,NA,NA,0,0.0021553,0.0087634,NA,0,3.8084887000000003,380485160.7716151,0,0
NPL,29136808,Nepal,2.4514,0.83642,0.15188,0.45284,NA,0,NA,NA,NA,NA,NA,NA,0,0,0,NA,0,3.89254,41425263.62114988,0,0
YEM,29825964,Yemen,1.2968,1.3478,0.002425,3.2133,NA,NA,NA,NA,NA,0.013035,NA,NA,0,0,0,NA,0,5.87336,63983992.38642936,0,0
HTI,11402528,Haiti,1.4529,0.26241,1.5026,2.3807,NA,0.26762,NA,NA,NA,NA,NA,NA,0,NA,0.20945,NA,0,6.07568,25303830.15927936,0,0
THA,69799978,Thailand,0.7103,0.01457,3.1452,3.9568,NA,0,NA,NA,NA,0,NA,NA,0,0,0,NA,0,7.8268699999999995,199541682.9786861,0,0
GEO,3989167,Georgia,1.8107,0.31691,1.5981,4.1087,NA,0,NA,NA,NA,0,NA,NA,0,0,0,NA,0,7.83441,11415074.182770668,0,0
MRT,4649658,Mauritania,2.0894,4.3166,0,1.4539,NA,0.032047,NA,NA,NA,0,NA,NA,0,2.8707e-4,0.0011677,NA,0,7.8934017700000005,13405266.225461327,0,0
BIH,3280819,Bosnia and Herzegovina,2.5721,0.25134,2.1825,4.6033,NA,0,NA,NA,NA,0,NA,NA,0,0,0,NA,0,9.60924,11514936.21045129,0,0
AZE,10139177,Azerbaijan,3.5058,2.9469,0.084875,3.1648,NA,NA,NA,NA,NA,NA,NA,NA,0,0,0,NA,0,9.702375,35931139.091923214,0,0
MDA,4033963,Republic of Moldova,0.50851,0.058282,4.719,5.0527,NA,0.012075,NA,NA,NA,0.097677,NA,NA,0,0,0,NA,0,10.448244,15394494.801932523,0,0
KGZ,6524195,Kyrgyzstan,4.0708,3.3038,1.2028,2.0883,NA,0.64807,NA,NA,NA,0.011269,NA,NA,0,0,0,NA,0,11.325039,26987140.11949548,0,0
LBN,6825445,Lebanon,4.6143,0.8633,0.49227,7.1216,NA,0,NA,NA,NA,0,NA,NA,0,0,0,NA,0,13.09147,32636953.362878285,0,0
ALB,2877797,Albania,3.686,2.528,2.3353,4.335,NA,0,NA,NA,NA,0,NA,NA,0,0,0,NA,0,12.8843,13542885.558763273,0,0
SRB,8737371,Serbia,2.217,0.90701,6.659,3.5559,NA,NA,NA,NA,NA,0,NA,NA,0,0,0,NA,0,13.33891,42568793.724399045,0,0
JOR,10203134,Jordan,2.1201,1.7703,0.00485,10.878,NA,0,NA,NA,NA,0.0019586,NA,NA,0,0.0021753,0,NA,0,14.7773839,55070798.16394234,0,0
CPV,555987,Cabo Verde,0.89465,0.78096,7.161,6.402,NA,0,NA,NA,NA,NA,NA,NA,0,0,0,NA,0,15.23861,3094569.3234600676,0,0
EST,1326535,Estonia,3.6511,0.17849,6.3268,6.2164,NA,0,NA,NA,NA,0,NA,NA,0,0,0,NA,0,16.372790000000002,7932893.598412914,0,0
KOR,51269185,Republic of Korea,4.5164,0.053301,7.1153,5.4877,NA,0,NA,NA,NA,0.032782,NA,NA,0,2.93e-5,0.022739,NA,0,17.2282513,322617436.74184114,0,0
ECU,17643054,Ecuador,5.5353,0.1763,4.6709,6.8575,NA,0,NA,NA,NA,0.036983,NA,NA,0,0.0060823,0.29616,NA,0,17.5792253,113282733.5601257,0,0
LVA,1886198,Latvia,1.2995,0.13113,10.2844,6.724,NA,0,NA,NA,NA,0,NA,NA,0,0,0,NA,0,18.43903,12703271.365775084,0,0
SAU,34813871,Saudi Arabia,1.6681,2.2657,NA,15.5169,0.012949,0,NA,NA,NA,0,NA,NA,0,0,0,NA,0,19.463649,247495213.63984564,0,0
HUN,9660351,Hungary,1.617,0.050997,10.0419,8.1496,NA,0.024204,NA,NA,NA,0.09452,NA,NA,0,0.17717,0.52887,NA,0,20.684261,72983240.1293569,0,0
CAN,37742154,Canada,8.0043,0.36062,5.9121,11.9771,NA,0.029314,NA,NA,NA,8.58e-5,NA,NA,0,0,0.0049277,NA,0,26.2884475,362394707.0560504,0,0
KWT,4270571,Kuwait,2.3461,5.0742,NA,20.4758,NA,NA,NA,NA,NA,0,NA,NA,0,0,0.069099,NA,0,27.965199,43620846.110364236,0,0
BHS,393244,Bahamas,4.4394,0.93251,5.4465,17.728,NA,0,NA,NA,NA,0,NA,NA,0,0,0,NA,0,28.54641,4100188.55183811,0,0
AUS,25499884,Australia,10.9155,4.0834,5.6066,14.5794,NA,0.79609,NA,NA,NA,0,NA,NA,0,0,0,NA,0,35.98099,335120918.75768465,0,0
IND,1380004385,India,0.43946,0.28096,0.099371,0.83598,NA,0,NA,NA,NA,0,NA,NA,NA,0,0.05723,NA,NA,1.713001,863432332.6238029,NA,NA
MOZ,31255435,Mozambique,0.32299,0.29818,1.315,0.59309,NA,0,NA,NA,NA,0,NA,NA,NA,0,0,NA,NA,2.52926,28874152.63813852,NA,NA
MWI,19129952,Malawi,0.63168,0.66382,0.83764,0.49142,NA,NA,NA,NA,NA,NA,NA,NA,NA,0,0,NA,NA,2.6245600000000002,18338364.916414082,NA,NA
LKA,21413249,Sri Lanka,0.46805,0.040785,0.0033124,2.2278,NA,0,NA,NA,NA,NA,NA,NA,NA,0,0,NA,NA,2.7399473999999997,21429647.005913224,NA,NA
LBY,6871292,Libya,0.20448,0.18213,0.90695,2.5474,NA,NA,NA,NA,NA,NA,NA,NA,NA,0,0,NA,NA,3.84096,9639808.65734688,NA,NA
TJK,9537645,Tajikistan,1.0359,1.9634,0.26917,1.0732,NA,NA,NA,NA,NA,NA,NA,NA,NA,NA,0.1222,NA,NA,4.46387,15550448.397791289,NA,NA
DJI,988000,Djibouti,2.3409,1.9027,0.04979,0.28468,NA,0.067805,NA,NA,NA,NA,NA,NA,NA,0,4.2544e-4,NA,NA,4.64630044,1676696.50088148,NA,NA
GNB,1968001,Guinea-Bissau,1.149,0.52182,2.7209,0.69815,NA,NA,NA,NA,NA,NA,NA,NA,NA,NA,0,NA,NA,5.0898699999999995,3658661.493515017,NA,NA
PAK,220892340,Pakistan,2.6554,0.99632,0,1.4658,NA,0,NA,NA,NA,0,NA,NA,NA,2.84e-5,0.056004,NA,NA,5.1735524,417407004.47218204,NA,NA
LAO,7275560,Lao People's Democratic Republic,1.9022,0.094708,2.1049,1.2349,NA,NA,NA,NA,NA,NA,NA,NA,NA,NA,0,NA,NA,5.336708,14181758.713429319,NA,NA
IRQ,40222493,Iraq,0.7103,0.64474,0,4.6615,NA,NA,NA,NA,NA,NA,NA,NA,NA,NA,2.4997e-4,NA,NA,6.0167899700000005,88394259.31765296,NA,NA
DZA,43851044,Algeria,1.3237,2.6081,0,2.3954,NA,0.0057657,NA,NA,NA,0.12532,NA,NA,NA,2.7837e-4,1.51e-5,NA,NA,6.45857917,103444439.22666131,NA,NA
SWZ,1136000,Swaziland,4.2189,0.67092,0.39539,1.7861,NA,0,NA,NA,NA,0,NA,NA,NA,0,0,NA,NA,7.0713099999999995,2934056.2304399996,NA,NA
MDV,540544,Maldives,1.808,0.29869,0.3201,4.1766,NA,NA,NA,NA,NA,0.0016546,NA,NA,NA,0.1029,1.3647,NA,NA,8.0726446,1593812.0598724417,NA,NA
EGY,102334404,Egypt,3.5434,0.58646,0.002425,3.7531,0.081741,0,NA,NA,NA,0.3688,NA,NA,NA,0,0.095843,NA,NA,8.431769,315159635.19126683,NA,NA
NIC,6624554,Nicaragua,1.638,0.0041001,1.0335,5.8251,NA,0.25307,NA,NA,NA,NA,NA,NA,NA,2.755e-4,8.7e-5,NA,NA,8.7541326,21181659.86416201,NA,NA
SLV,6486205,El Salvador,2.3252,0.0082002,0.88048,5.7125,NA,NA,NA,NA,NA,NA,NA,NA,NA,0,0,NA,NA,8.9263802,21147365.721047748,NA,NA
GTM,17915568,Guatemala,1.7541,0.094302,1.761,5.19,NA,0.098908,NA,NA,NA,0,NA,NA,NA,0.051437,0,NA,NA,8.949747,58564112.30111336,NA,NA
PHL,109581078,Philippines,1.1731,0.21491,4.4135,3.6012,NA,0.0044667,NA,NA,NA,NA,NA,NA,NA,0.014343,0.087074,NA,NA,9.5085937,380576601.4741307,NA,NA
UZB,33469203,Uzbekistan,7.2967,1.4898,0.2328,0.49137,NA,0.052041,NA,NA,NA,0.0019512,NA,NA,NA,NA,0.047115,NA,NA,9.6117772,117500385.26918803,NA,NA
MKD,2083374,The former Yugoslav Republic of Macedonia,2.1551,0.57189,2.1534,5.4826,NA,0,NA,NA,NA,NA,NA,NA,NA,0,0,NA,NA,10.36299,7885741.629796965,NA,NA
TUR,84339067,Turkey,2.782,1.468,0,6.1486,NA,0.013235,NA,NA,NA,2.6316e-4,NA,NA,NA,0,0.0036165,0.0030188,NA,10.41873346,320947461.22323436,NA,NA
HND,9904607,Honduras,2.1965,0.0123,1.9683,7.1202,NA,0,NA,NA,NA,0,NA,NA,NA,0,0,NA,NA,11.2973,40869764.410466775,NA,NA
ARM,2963243,Armenia,4.9613,1.0309,1.5884,4.7132,NA,NA,NA,NA,NA,0,NA,NA,NA,0,0,NA,NA,12.2938,13305881.00878935,NA,NA
GUY,786552,Guyana,0.78762,0.43051,0.75129,11.0714,NA,NA,NA,NA,NA,0,NA,NA,NA,0,0,NA,NA,13.04082,3746472.63497676,NA,NA
FJI,896445,Fiji,2.6125,1.8905,1.1155,7.9395,NA,0,NA,NA,NA,NA,NA,NA,NA,0,0,NA,NA,13.558,4439248.9784775,NA,NA
UKR,43733762,Ukraine,2.2789,0.15663,4.251,7.1119,NA,0.14714,NA,NA,NA,0.16862,NA,NA,NA,0,1.16e-5,NA,NA,14.114201600000001,225456820.54536164,NA,NA
JPN,126476461,Japan,2.7698,0.061501,4.7198,6.39,NA,0.040571,NA,NA,NA,1.0174e-4,NA,NA,NA,0.0081044,0.012514,NA,NA,14.00239214,646847889.4923674,NA,NA
CUB,11326616,Cuba,1.9455,0.52071,6.4863,5.3621,NA,0.0099265,NA,NA,NA,NA,NA,NA,NA,0,0,NA,NA,14.3245365,59261273.50550004,NA,NA
COL,50882891,Colombia,5.3282,0.094302,1.744,7.4831,NA,0.084022,NA,NA,NA,0.44484,NA,NA,NA,0.0085353,3.27e-5,NA,NA,15.187032,282250624.28583926,NA,NA
BLZ,397628,Belize,1.6474,0.041001,5.4052,8.1808,NA,NA,NA,NA,NA,NA,NA,NA,NA,NA,0,NA,NA,15.274401,2218356.6574824266,NA,NA
CRI,5094118,Costa Rica,5.5761,0.0082002,3.4369,6.5822,NA,0,NA,NA,NA,0,NA,NA,NA,0,0,NA,NA,15.603400200000001,29032101.45476362,NA,NA
MYS,32365999,Malaysia,1.5793,0.25134,2.0855,12.3133,NA,0,NA,NA,NA,0,NA,NA,NA,0,0,NA,NA,16.22944,191859264.67555705,NA,NA
DOM,10847910,Dominican Republic,3.2226,0.082002,3.9706,8.8502,NA,0,NA,NA,NA,NA,NA,NA,NA,0,0,NA,NA,16.125401999999998,63892053.734986745,NA,NA
HRV,4105267,Croatia,2.4376,0.29505,10.3305,2.8642,NA,0.40659,NA,NA,NA,0.0021597,NA,NA,NA,0,0.014724,NA,NA,16.3508237,24517222.514065787,NA,NA
PRY,7132538,Paraguay,5.4506,0.22961,8.6382,1.9334,NA,0.33701,NA,NA,NA,NA,NA,NA,NA,0.0051976,NA,NA,NA,16.5940176,43230062.668480285,NA,NA
GRD,112523,Grenada,1.695,0.48811,2.4007,13.4059,NA,0,NA,NA,NA,NA,NA,NA,NA,0,0,NA,NA,17.989710000000002,739359.5545250326,NA,NA
SUR,586632,Suriname,3.6149,0.036901,2.8046,11.1246,NA,NA,NA,NA,NA,NA,NA,NA,NA,0,0,NA,NA,17.581001,3767034.283645338,NA,NA
DMA,71986,Dominica,3.1097,0.59041,4.212,9.6949,NA,NA,NA,NA,NA,NA,NA,NA,NA,0,0,NA,NA,17.60701,462939.115534365,NA,NA
JAM,2961167,Jamaica,1.4825,0.54275,0.95787,16.5675,NA,0,NA,NA,NA,NA,NA,NA,NA,0,0,NA,NA,19.55062,21145290.695035484,NA,NA
MEX,128932753,Mexico,5.0332,0.38131,4.6913,9.2413,NA,0.34036,NA,NA,NA,0.01957,NA,NA,NA,0.02497,6.7567e-4,NA,NA,19.732685670000002,929265210.3154929,NA,NA
SYR,17500658,Syrian Arab Republic,5.7873,0.55732,8.0946,5.2563,0.12175,NA,NA,NA,NA,0.0036783,NA,NA,NA,0.0012332,0,NA,NA,19.8221815,126705670.32939221,NA,NA
MNE,628066,Montenegro,2.6448,0.61924,12.656,4.4449,NA,NA,NA,NA,NA,NA,NA,NA,NA,0,0,NA,NA,20.36494,4671739.76980611,NA,NA
PSE,5101414,Occupied Palestinian Territory,2.6448,0.61924,12.656,4.4449,NA,NA,NA,NA,NA,NA,NA,NA,NA,0,0,NA,NA,20.36494,37945818.85668969,NA,NA
TTO,1399488,Trinidad and Tobago,1.2726,1.0017,1.8236,17.3983,NA,NA,NA,NA,NA,0,NA,NA,NA,0,0,NA,NA,21.496199999999998,10988061.908630399,NA,NA
PAN,4314767,Panama,6.5206,0,4.161,9.1912,NA,NA,NA,NA,NA,0,NA,NA,NA,1.3654,2.747e-4,NA,NA,21.2384747,33471170.231993113,NA,NA
BOL,11673021,Bolivia (Plurinational State of),6.2131,0.72982,2.8896,11.403,NA,0,NA,NA,NA,0.0072559,0.27753,NA,NA,0,0,NA,NA,21.5203059,91753350.4301245,NA,NA
BLR,9449323,Belarus,4.9129,0.040069,8.4462,8.1593,NA,0.10542,NA,NA,NA,0.04069,NA,NA,NA,0,0,NA,NA,21.704579,74910429.20014371,NA,NA
BRB,287375,Barbados,3.6806,1.3587,1.5035,16.1246,NA,NA,NA,NA,NA,NA,NA,NA,NA,0,0,NA,NA,22.6674,2379254.5983937504,NA,NA
NCL,285498,New Caledonia,4.3748,0.80137,4.0813,14.13,NA,0,NA,NA,NA,0,NA,NA,NA,0,0,NA,NA,23.38747,2438801.976149415,NA,NA
KNA,53199,Saint Kitts and Nevis,2.8251,0.61924,2.0661,18.6461,NA,NA,NA,NA,NA,0,NA,NA,NA,0,0,NA,NA,24.15654,469384.152525765,NA,NA
BRN,437479,Brunei Darussalam,2.9892,0.73216,1.6053,20.2043,NA,0,NA,NA,NA,NA,NA,NA,NA,0,0,NA,NA,25.53096,4079571.7949040597,NA,NA
MNG,3278290,Mongolia,5.7777,18.4955,0.025313,0.68764,NA,3.0514,NA,NA,NA,NA,NA,NA,NA,0,0.1756,NA,NA,28.213153000000002,33782300.256492145,NA,NA
CHL,19116201,Chile,6.2162,0.24601,7.8835,11.3436,NA,0,NA,NA,NA,1.281e-4,NA,NA,NA,0.21517,2.068e-4,NA,NA,25.904814899999998,180872402.11323518,NA,NA
VEN,28435940,Venezuela (Bolivarian Republic of),6.3292,0.1312,2.4205,14.131,NA,0,NA,NA,NA,4.9146,NA,NA,NA,0.0059557,0,NA,NA,27.932455700000002,290112827.94190264,NA,NA
LCA,183627,Saint Lucia,1.8457,1.0636,3.2737,22.4736,NA,NA,NA,NA,NA,0,NA,NA,NA,0,0,NA,NA,28.6566,1921991.3345650502,NA,NA
ATG,97929,Antigua and Barbuda,3.9757,1.4801,4.2596,18.3856,NA,NA,NA,NA,NA,0,NA,NA,NA,0,0,NA,NA,28.101,1005132.5082922499,NA,NA
ISL,341243,Iceland,3.4869,7.8134,4.8573,7.933,NA,1.2849,NA,NA,NA,0,NA,NA,NA,0,3.3794,NA,NA,28.7549,3583982.1464406755,NA,NA
BRA,212559417,Brazil,12.2598,0.24601,4.2732,12.7107,NA,0.058676,NA,NA,NA,0.0044582,NA,NA,NA,0,0,NA,NA,29.5528442,2294403830.6864595,NA,NA
VCT,110940,Saint Vincent and the Grenadines,3.2394,0.48082,3.298,23.9736,NA,NA,NA,NA,NA,0,NA,NA,NA,0,0,NA,NA,30.99182,1255814.4245697,NA,NA
PYF,280908,French Polynesia,9.1209,1.3186,4.0279,15.672,NA,0,NA,NA,NA,0,NA,NA,NA,0.55829,0.023493,NA,NA,30.721183,3152043.973588401,NA,NA
ISR,8655535,Israel,7.4501,0.76131,0.59897,22.5156,NA,0,NA,NA,NA,NA,NA,NA,NA,0,0,NA,NA,31.325979999999998,99035023.2283193,NA,NA
