country,ISO3,Region,Product,PerPersonPerDay_g,Proportion,game_protein_kg_extra,kg_extra,Pasture_m2_kg_protein,sd_Pasture_m2_kg_protein,Crop_m2_kg_protein,sd_Crop_m2_kg_protein,extra_pasture_km,extra_pasture_km_sd,extra_crop_km,extra_crop_km_sd,extra_total_km
Afghanistan,AFG,Southern Asia,Bovine Meat (beef herd),2,0.39370078740157477,1040000,409448.8188976378,616.6711229946525,368.774746960966,111.46954022988484,89.42543572797405,252.49526295844035,150.99438458244276,45.64107159018907,36.61513903822559,298.1363345486294
Afghanistan,AFG,Southern Asia,Lamb & Mutton,2.14,0.42125984251968507,1040000,438110.2362204725,694.447368421052,705.080351897271,63.3333333333333,49.1667231638093,304.2445006216326,308.9029195241273,27.746981627296577,21.54044469948307,331.9914822489291
Afghanistan,AFG,Southern Asia,Poultry Meat,0.94,0.18503937007874013,1040000,192440.94488188974,0,0,59.8095238095238,20.40873170117705,0,0,11.509801274840642,3.9274756124154884,11.509801274840642
Angola,AGO,Middle Africa,Bovine Meat (beef herd),2.0323,0.20478369388550938,1162200,237999.609033739,616.6711229946525,368.774746960966,111.46954022988484,89.42543572797405,146.76748617512405,87.76824559822593,26.529706993883234,21.283218740929577,173.29719316900727
Angola,AGO,Middle Africa,Lamb & Mutton,0.38693,0.038988808086955734,1162200,45312.792758659954,694.447368421052,705.080351897271,63.3333333333333,49.1667231638093,31.467349687059908,31.949159863724077,2.869810208048462,2.2278815373440968,34.33715989510837
Angola,AGO,Middle Africa,Pig Meat,2.3196,0.23373333481121267,1162200,271644.8817175914,0,0,100.852272727273,40.2166981799849,0,0,27.39600369595034,10.92466022017407,27.39600369595034
Angola,AGO,Middle Africa,Poultry Meat,5.1853,0.5224941632163222,1162200,607242.7164900097,0,0,59.8095238095238,20.40873170117705,0,0,36.31889771006915,12.393053678338529,36.31889771006915
Albania,ALB,Southern Europe,Bovine Meat (beef herd),3.686,0.286084614608477,260,74.38199979820402,616.6711229946525,368.774746960966,111.46954022988484,89.42543572797405,0.04586923134614649,0.02743020315403331,0.008291327318885188,0.006651642742272472,0.05416055866503167
Albania,ALB,Southern Europe,Lamb & Mutton,2.528,0.19620778777271564,260,51.014024820906066,694.447368421052,705.080351897271,63.3333333333333,49.1667231638093,0.035426555289444446,0.035968986572420564,0.0032308882386573824,0.0025081924358411846,0.03865744352810183
Albania,ALB,Southern Europe,Poultry Meat,4.335,0.3364559968333553,260,87.47855917667238,0,0,59.8095238095238,20.40873170117705,0,0,0.005232050967900023,0.0017853264438422462,0.005232050967900023
United Arab Emirates,ARE,Western Asia,Bovine Meat (beef herd),1.3899466231993838,0.08228425794215269,4420,363.6964201043149,616.6711229946525,368.774746960966,111.46954022988484,89.42543572797405,0.22428107981486275,0.1341220552945779,0.04054107273228303,0.032523710840532655,0.2648221525471458
United Arab Emirates,ARE,Western Asia,Lamb & Mutton,2.753461934108582,0.16300379326695114,4420,720.476766239924,694.447368421052,705.080351897271,63.3333333333333,49.1667231638093,0.5003331943238247,0.5079940118742535,0.045630195195195164,0.03542348171167489,0.5459633895190199
United Arab Emirates,ARE,Western Asia,Pig Meat,0,0,4420,0,0,0,100.852272727273,40.2166981799849,0,0,0,0,0
United Arab Emirates,ARE,Western Asia,Poultry Meat,12.748602842692033,0.7547119487908961,4420,3335.826813655761,0,0,59.8095238095238,20.40873170117705,0,0,0.19951421323579216,0.06807999444149276,0.19951421323579216
Argentina,ARG,South America,Lamb & Mutton,0.5125138578065463,0.01601281149895519,6500000,104083.27474320875,694.447368421052,705.080351897271,63.3333333333333,49.1667231638093,72.28035624206666,73.38707198256196,6.591940733736551,5.117433555282049,78.87229697580321
Benin,BEN,Western Africa,Bovine Meat (beef herd),0.90672780162923206,0.15918222835689236,1040000,165549.51749116805,616.6711229946525,368.774746960966,111.46954022988484,89.42543572797405,102.08960686250147,61.050481422315514,18.453728600019783,14.804337736203564,120.54333546252126
Benin,BEN,Western Africa,Lamb & Mutton,0.3054982598461195,0.05363229590410571,1040000,55777.58774026994,694.447368421052,705.080351897271,63.3333333333333,49.1667231638093,38.73459902310479,39.32768119189044,3.532580556883761,2.742401215170936,42.26717957998856
Benin,BEN,Western Africa,Pig Meat,0.2682243298999508,0.047088604161348246,1040000,48972.14832780218,0,0,100.852272727273,40.2166981799849,0,0,4.9389524591959715,1.9694981085246726,4.9389524591959715
Benin,BEN,Western Africa,Poultry Meat,4.215711868624697,0.7400968715776537,1040000,769700.7464407599,0,0,59.8095238095238,20.40873170117705,0,0,46.03543512045687,15.708616024305174,46.03543512045687
Burkina Faso,BFA,Western Africa,Bovine Meat (beef herd),2.262946,0.46742952655261366,832000,388901.36609177454,616.6711229946525,368.774746960966,111.46954022988484,89.42543572797405,239.82424216196907,143.41700287326816,43.35065647302424,34.77767411796129,283.1748986349933
Burkina Faso,BFA,Western Africa,Lamb & Mutton,1.1821,0.24417217350208295,832000,203151.248353733,694.447368421052,705.080351897271,63.3333333333333,49.1667231638093,141.07784981070145,143.23795367761997,12.866245729069751,9.98828118819026,153.9440955397712
Burkina Faso,BFA,Western Africa,Pig Meat,0.58283,0.1203881802573547,832000,100162.96597411911,0,0,100.852272727273,40.2166981799849,0,0,10.101662761594428,4.028223771393246,10.101662761594428
Burkina Faso,BFA,Western Africa,Poultry Meat,0.81338,0.16801011968794877,832000,139784.41958037336,0,0,59.8095238095238,20.40873170117705,0,0,8.360439571092806,2.8528227152206,8.360439571092806
Bulgaria,BGR,Eastern Europe,Bovine Meat (beef herd),1.2570354545129536,0.07708217516163213,2860.0000000000005,220.45502096226792,616.6711229946525,368.774746960966,111.46954022988484,89.42543572797405,0.13594824534661143,0.08129824457163481,0.02457401982803363,0.019714286307970463,0.16052226517464505
Bulgaria,BGR,Eastern Europe,Lamb & Mutton,0.693310890685996,0.04251424359230309,2860.0000000000005,121.59073667398685,694.447368421052,705.080351897271,63.3333333333333,49.1667231638093,0.08443836710762727,0.08573123940154308,0.007700746656019163,0.005978218089333546,0.09213911376364645
Bulgaria,BGR,Eastern Europe,Pig Meat,7.511529137160496,0.4606115146582305,2860.0000000000005,1317.3489319225396,0,0,100.852272727273,40.2166981799849,0,0,0.13285763375923376,0.052979424392854246,0.13285763375923376
Bahamas,BHS,Caribbean,Bovine Meat (beef herd),4.4394,0.1555151768646215,2080,323.4715678784127,616.6711229946525,368.774746960966,111.46954022988484,89.42543572797405,0.19947557502042174,0.1192881455934286,0.036057226948846645,0.028926585903137993,0.2355328019692684
Bahamas,BHS,Caribbean,Lamb & Mutton,0.93251,0.032666454380778524,2080,67.94622511201933,694.447368421052,705.080351897271,63.3333333333333,49.1667231638093,0.047185077223186225,0.047907548312073785,0.004303260923761223,0.0033406932401085225,0.05148833814694745
Bahamas,BHS,Caribbean,Poultry Meat,17.728,0.6210237994900235,2080,1291.729502939249,0,0,59.8095238095238,20.40873170117705,0,0,0.07725772646150936,0.026362560855981924,0.07725772646150936
Bolivia,BOL,South America,Lamb & Mutton,0.72982,0.033913086709422655,16250000,551087.6590281181,694.447368421052,705.080351897271,63.3333333333333,49.1667231638093,382.70137458139465,388.5610805537888,34.90221840511413,27.095174370427216,417.6035929865088
Brazil,BRA,South America,Lamb & Mutton,0.24601,0.008324410277911594,16250000,135271.6670160634,694.447368421052,705.080351897271,63.3333333333333,49.1667231638093,93.93905318123406,95.37739458141645,8.567205577684012,6.6508646040857835,102.50625875891808
Botswana,BWA,Southern Africa,Bovine Meat (beef herd),2.3863227615194553,0.38917800308551553,3016000,1173760.8573059149,616.6711229946525,368.774746960966,111.46954022988484,89.42543572797405,723.8244260020045,432.8533631456753,130.8385831037258,104.9640761050218,854.6630091057303
Botswana,BWA,Southern Africa,Lamb & Mutton,1.4412845363513354,0.23505464004294657,3016000,708924.7943695269,694.447368421052,705.080351897271,63.3333333333333,49.1667231638093,492.3109578583534,499.8489434827666,44.89857031007001,34.85550910872696,537.2095281684234
Botswana,BWA,Southern Africa,Pig Meat,0.4916877815617586,0.08018784049476632,3016000,241846.52693221523,0,0,100.852272727273,40.2166981799849,0,0,24.390771892311548,9.726268779510491,24.390771892311548
Botswana,BWA,Southern Africa,Poultry Meat,1.8124049205674504,0.2955795163767716,3016000,891467.8213923431,0,0,59.8095238095238,20.40873170117705,0,0,53.31826588898966,18.193727587029155,53.31826588898966
Central African Republic,CAF,Middle Africa,Bovine Meat (beef herd),6.262060997270285,0.6167306500201194,2600000,1603499.6900523105,616.6711229946525,368.774746960966,111.46954022988484,89.42543572797405,988.8319545861355,591.3301924510282,178.7413732088939,143.3936584725992,1167.5733277950294
Central African Republic,CAF,Middle Africa,Lamb & Mutton,2.0815011691009344,0.20500048939108878,2600000,533001.2724168309,694.447368421052,705.080351897271,63.3333333333333,49.1667231638093,370.14133099494046,375.80872471735233,33.75674725306594,26.20592600687643,403.8980782480064
Central African Republic,CAF,Middle Africa,Pig Meat,1.2936226098682995,0.12740481343324164,2600000,331252.51492642827,0,0,100.852272727273,40.2166981799849,0,0,33.40756897695522,13.321882414157109,33.40756897695522
Central African Republic,CAF,Middle Africa,Poultry Meat,0.5164552237604811,0.05086404715555024,2600000,132246.52260443062,0,0,59.8095238095238,20.40873170117705,0,0,7.9096015424364206,2.6989837982474705,7.9096015424364206
China,CHN,Eastern Asia,Bovine Meat (beef herd),1.5793117411925346,0.10004605037334174,972920.0000000001,97336.80332923165,616.6711229946525,368.774746960966,111.46954022988484,89.42543572797405,60.02479581774691,35.89535501772672,10.850088714556176,8.704386050084656,70.8748845323031
China,CHN,Eastern Asia,Lamb & Mutton,1.1958297566767448,0.07575327970656649,972920.0000000001,73701.88089211268,694.447368421052,705.080351897271,63.3333333333333,49.1667231638093,51.18207723320947,51.965748114901565,4.6677857898338,3.6236799744745505,55.84986302304327
China,CHN,Eastern Asia,Pig Meat,8.599690253456531,0.5447721446323122,972920.0000000001,530019.7149556692,0,0,100.852272727273,40.2166981799849,0,0,53.45369284354065,21.315642905813778,53.45369284354065
China,CHN,Eastern Asia,Poultry Meat,4.411016218674191,0.27942852528777967,972920.0000000001,271861.6008229866,0,0,59.8095238095238,20.40873170117705,0,0,16.259912887317675,5.5483504710488285,16.259912887317675
Côte d’Ivoire,CIV,Western Africa,Bovine Meat (beef herd),0.6908787562099034,0.3126411416716341,18209100.000000004,5692913.812812953,616.6711229946525,368.774746960966,111.46954022988484,89.42543572797405,3510.6555540591326,2099.402850790685,634.5864852826205,509.0912982726004,4145.242039341753
Côte d’Ivoire,CIV,Western Africa,Lamb & Mutton,0.31319348238852845,0.14172843935052923,18209100.000000004,2580747.3249777225,694.447368421052,705.080351897271,63.3333333333333,49.1667231638093,1792.193188390449,1819.6342320532333,163.44733058192236,126.88688928292108,1955.6405189723714
Côte d’Ivoire,CIV,Western Africa,Pig Meat,0.4142401910556638,0.18745478145599714,18209100.000000004,3413382.8610103983,0,0,100.852272727273,40.2166981799849,0,0,344.24741922122007,137.27498829398854,344.24741922122007
Côte d’Ivoire,CIV,Western Africa,Poultry Meat,0.7915015203459046,0.3581756375218396,18209100.000000004,6522056.001198931,0,0,59.8095238095238,20.40873170117705,0,0,390.08106369075506,133.10689106852064,390.08106369075506
Cameroon,CMR,Middle Africa,Bovine Meat (beef herd),1.563384847915313,0.4022250562528315,8645000,3477235.6113057286,616.6711229946525,368.774746960966,111.46954022988484,89.42543572797405,2144.3107893409006,1282.31668268293,387.60585486323214,310.95330966984295,2531.9166442041324
Cameroon,CMR,Middle Africa,Lamb & Mutton,0.6213004542668539,0.159847148640737,8645000,1381878.5999991714,694.447368421052,705.080351897271,63.3333333333333,49.1667231638093,959.6419572467922,974.335449566724,87.51897799994747,67.94244257215163,1047.1609352467397
Cameroon,CMR,Middle Africa,Pig Meat,0.576809993048727,0.1484007166953093,8645000,1282924.195830949,0,0,100.852272727273,40.2166981799849,0,0,129.38582088636025,51.594975171533115,129.38582088636025
Cameroon,CMR,Middle Africa,Poultry Meat,1.1253457247691059,0.28952707841112213,8645000,2502961.5928641506,0,0,59.8095238095238,20.40873170117705,0,0,149.70094098273202,51.082271607115196,149.70094098273202
Congo - Brazzaville,COG,Middle Africa,Bovine Meat (beef herd),0.7660271042062698,0.08328495040761305,5330000,443908.78567257756,616.6711229946525,368.774746960966,111.46954022988484,89.42543572797405,273.74572936790094,163.70235011015447,49.48230824292872,39.696736582246096,323.2280376108296
Congo - Brazzaville,COG,Middle Africa,Lamb & Mutton,0.14199131684061544,0.015437756335835847,5330000,82283.24127000506,694.447368421052,705.080351897271,63.3333333333333,49.1667231638093,57.14138036510952,58.01629670990322,5.211271947100318,4.045597344543268,62.352652312209834
Congo - Brazzaville,COG,Middle Africa,Pig Meat,0.7352768890259279,0.07994168731384582,5330000,426089.1933827982,0,0,100.852272727273,40.2166981799849,0,0,42.97206353718573,17.135900488029215,42.97206353718573
Congo - Brazzaville,COG,Middle Africa,Poultry Meat,7.554370059927186,0.8213356059427053,5330000,4377718.779674619,0,0,59.8095238095238,20.40873170117705,0,0,261.82927558434864,89.34368803758352,261.82927558434864
Colombia,COL,South America,Lamb & Mutton,0.0943552319697171,0.006212881619642146,16250000,100959.32631918487,694.447368421052,705.080351897271,63.3333333333333,49.1667231638093,70.1109384799202,71.18443732844229,6.394090666881705,4.963839247940048,76.5050291468019
Cape Verde,CPV,Western Africa,Bovine Meat (beef herd),0.89465,0.05870942297230521,1430.0000000000002,83.95447485039647,616.6711229946525,368.774746960966,111.46954022988484,89.42543572797405,0.05177230028642029,0.03096029021919574,0.009358366711815124,0.007507665494809943,0.06113066699823542
Cape Verde,CPV,Western Africa,Lamb & Mutton,0.78096,0.05124876875253058,1430.0000000000002,73.28573931611874,694.447368421052,705.080351897271,63.3333333333333,49.1667231638093,0.05089308881086989,0.051672334866060675,0.004641430156687517,0.003603219656810705,0.0555345189675574
Cape Verde,CPV,Western Africa,Pig Meat,7.161,0.4699247503545271,1430.0000000000002,671.9923930069738,0,0,100.852272727273,40.2166981799849,0,0,0.06777196009019214,0.027025315248807264,0.06777196009019214
Cape Verde,CPV,Western Africa,Poultry Meat,6.402,0.42011705792063714,1430.0000000000002,600.7673928265112,0,0,59.8095238095238,20.40873170117705,0,0,0.03593161168524277,0.012260900535011906,0.03593161168524277
Cyprus,CYP,Western Asia,Bovine Meat (beef herd),1.9115531174869176,0.08428507799504617,71110,5993.511896227733,616.6711229946525,368.774746960966,111.46954022988484,89.42543572797405,3.696025711728565,2.2102558329389215,0.6680940154348507,0.535972412860961,4.364119727163415
Cyprus,CYP,Western Asia,Lamb & Mutton,2.0013562581313997,0.08824471931716187,71110,6275.08199064338,694.447368421052,705.080351897271,63.3333333333333,49.1667231638093,4.357714175028631,4.424437018147063,0.39742185940741387,0.30852521906416847,4.755136034436045
Cyprus,CYP,Western Asia,Pig Meat,9.866113488058378,0.4350212072276713,71110,30934.358045959707,0,0,100.852272727273,40.2166981799849,0,0,3.1198003142942405,1.2440777409259491,3.1198003142942405
Cyprus,CYP,Western Asia,Poultry Meat,8.900592116323304,0.39244899546012063,71110,27907.048067169177,0,0,59.8095238095238,20.40873170117705,0,0,1.66910725582688,0.5695474565747073,1.66910725582688
Czechia,CZE,Eastern Europe,Bovine Meat (beef herd),2.0351958869171884,0.08807136802422091,87490.00000000001,7705.363988439089,616.6711229946525,368.774746960966,111.46954022988484,89.42543572797405,4.751675463833287,2.8415436550787647,0.858913381095217,0.6890555321088055,5.610588844928504
Czechia,CZE,Eastern Europe,Lamb & Mutton,0.09356389887225307,0.004048898007474444,87490.00000000001,354.23808667393916,694.447368421052,705.080351897271,63.3333333333333,49.1667231638093,0.2459997070852256,0.24976631480747702,0.0224350788226828,0.01741672594157505,0.2684347859079084
Czechia,CZE,Eastern Europe,Pig Meat,13.310598652390334,0.576004816083371,87490.00000000001,50394.66135913413,0,0,100.852272727273,40.2166981799849,0,0,5.082416131389961,2.026706885762845,5.082416131389961
Ecuador,ECU,South America,Lamb & Mutton,0.17938417954049038,0.010204327919984641,16250000,165820.32869975042,694.447368421052,705.080351897271,63.3333333333333,49.1667231638093,115.15349089625552,116.91665571134118,10.501954150984188,8.152842196112491,125.65544504723971
Spain,ESP,Southern Europe,Bovine Meat (beef herd),3.560152058438194,0.13751753905528757,565240,77730.41377561075,616.6711229946525,368.774746960966,111.46954022988484,89.42543572797405,47.93410155384488,28.665013671272042,8.664573485446038,6.951076121199708,56.59867503929092
Spain,ESP,Southern Europe,Lamb & Mutton,0.996636326488974,0.03849694414793917,565240,21760.012710181138,694.447368421052,705.080351897271,63.3333333333333,49.1667231638093,15.111183563393936,15.342557418983606,1.3781341383114714,1.0698685209624479,16.489317701705406
Spain,ESP,Southern Europe,Poultry Meat,8.783021714731152,0.33926065849244635,565240,191763.69460627038,0,0,59.8095238095238,20.40873170117705,0,0,11.469295258355979,3.913653793245825,11.469295258355979
Ethiopia,ETH,Eastern Africa,Bovine Meat (beef herd),1.3005,0.6313328682037175,11050000,6976228.193651078,616.6711229946525,368.774746960966,111.46954022988484,89.42543572797405,4302.038474445766,2572.656786855633,777.6369492850457,623.852245955025,5079.675423730812
Ethiopia,ETH,Eastern Africa,Lamb & Mutton,0.55022,0.26710647500426715,11050000,2951526.548797152,694.447368421052,705.080351897271,63.3333333333333,49.1667231638093,2049.679844637052,2081.063377660034,186.93001475715286,145.11688873534308,2236.609859394205
Ethiopia,ETH,Eastern Africa,Pig Meat,0.0058576,0.0028435950855748523,11050000,31421.72569560212,0,0,100.852272727273,40.2166981799849,0,0,3.168952449414427,1.2636780585943066,3.168952449414427
Ethiopia,ETH,Eastern Africa,Poultry Meat,0.20335,0.09871706170644055,11050000,1090823.531856168,0,0,59.8095238095238,20.40873170117705,0,0,65.24163600054032,22.26232479498289,65.24163600054032
Gabon,GAB,Middle Africa,Bovine Meat (beef herd),2.28,0.13776435045317217,3315390.0000000005,456742.54984894255,616.6711229946525,368.774746960966,111.46954022988484,89.42543572797405,281.6599411347884,168.43511824685018,50.91288203508689,40.84440153574759,332.57282316987533
Gabon,GAB,Middle Africa,Lamb & Mutton,0.53,0.03202416918429003,3315390.0000000005,106172.61027190335,694.447368421052,705.080351897271,63.3333333333333,49.1667231638093,73.73128980171724,74.86022141236543,6.724265317220541,5.220159336817688,80.45555511893778
Gabon,GAB,Middle Africa,Pig Meat,1.9,0.11480362537764349,3315390.0000000005,380618.7915407855,0,0,100.852272727273,40.2166981799849,0,0,38.38627016959637,15.307231061026362,38.38627016959637
Gabon,GAB,Middle Africa,Poultry Meat,11.84,0.7154078549848942,3315390.0000000005,2371856.048338369,0,0,59.8095238095238,20.40873170117705,0,0,141.85958079585671,48.4065737243518,141.85958079585671
Georgia,GEO,Western Asia,Bovine Meat (beef herd),1.8107,0.23112142458717375,6500,1502.2892598166293,616.6711229946525,368.774746960966,111.46954022988484,89.42543572797405,0.926418404913926,0.5540063416510544,0.1674594930840537,0.13434287164855768,1.0938778979979797
Georgia,GEO,Western Asia,Lamb & Mutton,0.31691,0.04045103587889835,6500,262.9317332128393,694.447368421052,705.080351897271,63.3333333333333,49.1667231638093,0.18259225020404235,0.1853879989786681,0.01665234310347981,0.012927491737856234,0.19924459330752217
Georgia,GEO,Western Asia,Pig Meat,1.5981,0.20398472890747357,6500,1325.9007378985782,0,0,100.852272727273,40.2166981799849,0,0,0.13372010282783994,0.05332334979268639,0.13372010282783994
Georgia,GEO,Western Asia,Poultry Meat,4.1087,0.5244428106264543,6500,3408.8782690719527,0,0,59.8095238095238,20.40873170117705,0,0,0.20388338599782727,0.06957088199546231,0.20388338599782727
Ghana,GHA,Western Africa,Bovine Meat (beef herd),0.3922362493459965,0.08400895683730986,9659000,811442.5140915759,616.6711229946525,368.774746960966,111.46954022988484,89.42543572797405,500.39316641045616,299.239507807491,90.45112396876982,72.56360039084188,590.844290379226
Ghana,GHA,Western Africa,Lamb & Mutton,0.7348266095655087,0.15738478284152924,9659000,1520179.617466331,694.447368421052,705.080351897271,63.3333333333333,49.1667231638093,1055.6847348768151,1071.8487796302195,96.27804243953425,74.74225041123262,1151.9627773163493
Ghana,GHA,Western Africa,Pig Meat,0.38488647142893434,0.08243478520776823,9659000,796237.5903218334,0,0,100.852272727273,40.2166981799849,0,0,80.30237061484422,32.02204684953164,80.30237061484422
Ghana,GHA,Western Africa,Poultry Meat,3.1570319796595605,0.6761714751133926,9659000,6531140.278120259,0,0,59.8095238095238,20.40873170117705,0,0,390.6243899675735,133.29228963890722,390.6243899675735
Guinea,GIN,Western Africa,Bovine Meat (beef herd),1.3634,0.5601709191010312,754000,422368.87300217757,616.6711229946525,368.774746960966,111.46954022988484,89.42543572797405,260.4626872322386,155.75897426556642,47.08126408096735,37.77052050615306,307.543951313206
Guinea,GIN,Western Africa,Lamb & Mutton,0.46858,0.19252228932988208,754000,145161.80615473108,694.447368421052,705.080351897271,63.3333333333333,49.1667231638093,100.80723427939988,102.35073736562124,9.193581056466297,7.137130337168212,110.00081533586616
Guinea,GIN,Western Africa,Pig Meat,0.07322,0.030083405234397467,754000,22682.887546735692,0,0,100.852272727273,40.2166981799849,0,0,2.287620761105453,0.9122308423176075,2.287620761105453
Guinea,GIN,Western Africa,Poultry Meat,0.5287,0.21722338633468916,754000,163786.43329635562,0,0,59.8095238095238,20.40873170117705,0,0,9.795988581915363,3.3426733734380534,9.795988581915363
Gambia,GMB,Western Africa,Bovine Meat (beef herd),0.64883,0.2597356327360651,166400,43220.00928728123,616.6711229946525,368.774746960966,111.46954022988484,89.42543572797405,26.652531663027027,15.938447988567738,4.817714563984591,3.864968162682209,31.470246227011618
Gambia,GMB,Western Africa,Lamb & Mutton,0.27334,0.10942178668075772,166400,18207.785303678083,694.447368421052,705.080351897271,63.3333333333333,49.1667231638093,12.64434858891475,12.837951669187303,1.1531597358996113,0.8952171394520158,13.79750832481436
Gambia,GMB,Western Africa,Pig Meat,0.10837,0.04338201149701366,166400,7218.766713103073,0,0,100.852272727273,40.2166981799849,0,0,0.7280290293044313,0.29031496213258795,0.7280290293044313
Gambia,GMB,Western Africa,Poultry Meat,1.4675,0.5874605690861635,166400,97753.43869593761,0,0,59.8095238095238,20.40873170117705,0,0,5.846586619147507,1.9950237032128493,5.846586619147507
Greece,GRC,Southern Europe,Bovine Meat (beef herd),5.288586873437592,0.22826866525635733,40950,9347.601842247834,616.6711229946525,368.774746960966,111.46954022988484,89.42543572797405,5.764396125365854,3.4471595040668044,1.0419728796073906,0.8359133677546255,6.806369004973245
Greece,GRC,Southern Europe,Lamb & Mutton,4.746946766390438,0.2048901206198014,40950,8390.250439380869,694.447368421052,705.080351897271,63.3333333333333,49.1667231638093,5.82658733802162,5.915800732304897,0.5313825278274548,0.4125211206280685,6.357969865849075
Greece,GRC,Southern Europe,Poultry Meat,4.866437465974706,0.21004763871629814,40950,8601.450805432409,0,0,59.8095238095238,20.40873170117705,0,0,0.5144486767439573,0.17554470172894326,0.5144486767439573
Guyana,GUY,South America,Lamb & Mutton,0.43051,0.03301249461306881,16250000,536453.0374623681,694.447368421052,705.080351897271,63.3333333333333,49.1667231638093,372.53840014722164,378.24249643032647,33.9753590392833,26.375637983296876,406.5137591865049
Indonesia,IDN,South-Eastern Asia,Lamb & Mutton,0.1716922309371519,0.04508145998625437,1950.0000000000002,87.90884697319602,694.447368421052,705.080351897271,63.3333333333333,49.1667231638093,0.06104806744146494,0.0619828007587444,0.005567560308302411,0.004322189942780804,0.06661562774976736
Iran,IRN,Southern Asia,Bovine Meat (beef herd),1.5524,0.13885385640557776,991250,137638.88516202895,616.6711229946525,368.774746960966,111.46954022988484,89.42543572797405,84.8779258806004,50.75774504761668,15.342543246765286,12.30841727872702,100.22046912736569
Iran,IRN,Southern Asia,Lamb & Mutton,1.2421,0.11109918515934562,991250,110127.06728920135,694.447368421052,705.080351897271,63.3333333333333,49.1667231638093,76.477452070914,77.64843135768454,6.9747142616494155,5.414587030250362,83.45216633256342
Iran,IRN,Southern Asia,Pig Meat,0,0,991250,0,0,0,100.852272727273,40.2166981799849,0,0,0,0,0
Iran,IRN,Southern Asia,Poultry Meat,8.3856,0.7500469584350766,991250,743484.0475487697,0,0,59.8095238095238,20.40873170117705,0,0,44.46742684386927,15.173566450528002,44.46742684386927
Italy,ITA,Southern Europe,Bovine Meat (beef herd),6.276246194981107,0.2524016707635867,527280,133086.352960224,616.6711229946525,368.774746960966,111.46954022988484,89.42543572797405,82.07051073524401,49.07888613686442,14.835074575348344,11.90130510291498,96.90558531059237
Italy,ITA,Southern Europe,Lamb & Mutton,0.4313247482216483,0.017345891749734832,527280,9146.141801800182,694.447368421052,705.080351897271,63.3333333333333,49.1667231638093,6.351514105465916,6.448764880115613,0.5792556474473446,0.44968582198605356,6.930769752913261
Italy,ITA,Southern Europe,Poultry Meat,5.968110968634171,0.24000989333247263,527280,126552.41655634617,0,0,59.8095238095238,20.40873170117705,0,0,7.56903977117956,2.5827743156340652,7.56903977117956
Kazakhstan,KAZ,Central Asia,Bovine Meat (beef herd),8.845408776577043,0.4074226674888675,5200,2118.597870942111,616.6711229946525,368.774746960966,111.46954022988484,89.42543572797405,1.3064781282479514,0.7812853937687183,0.23615913060593002,0.1894565377413564,1.5426372588538815
Kazakhstan,KAZ,Central Asia,Lamb & Mutton,3.378689601577759,0.15562364214719793,5200,809.2429391654292,694.447368421052,705.080351897271,63.3333333333333,49.1667231638093,0.5619766295167499,0.5705812963171428,0.05125205281381049,0.039787823562214025,0.6132286823305604
Kazakhstan,KAZ,Central Asia,Pig Meat,4.291787295425539,0.19768124598462705,5200,1027.9424791200606,0,0,100.852272727273,40.2166981799849,0,0,0.10367033525216549,0.04134045242915691,0.10367033525216549
Kazakhstan,KAZ,Central Asia,Poultry Meat,5.194759026419656,0.23927244437930745,5200,1244.2167107723988,0,0,59.8095238095238,20.40873170117705,0,0,0.07441600898714917,0.02539288502827489,0.07441600898714917
Kenya,KEN,Eastern Africa,Bovine Meat (beef herd),3.1155,0.7475712034276698,3380000,2526790.667585524,616.6711229946525,368.774746960966,111.46954022988484,89.42543572797405,1558.1988385523728,931.816589062182,281.6601939729222,225.9593564422139,1839.8590325252949
Kenya,KEN,Eastern Africa,Lamb & Mutton,0.72771,0.1746156445021183,3380000,590200.8784171599,694.447368421052,705.080351897271,63.3333333333333,49.1667231638093,409.86344685659,416.1390430444496,37.37938896642011,29.018243200173572,447.24283582301007
Kenya,KEN,Eastern Africa,Pig Meat,0.117546,0.02820542599201055,3380000,95334.33985299566,0,0,100.852272727273,40.2166981799849,0,0,9.61468484312885,3.834032372056033,9.61468484312885
Kenya,KEN,Eastern Africa,Poultry Meat,0.20674,0.0496077260782014,3380000,167674.11414432075,0,0,59.8095238095238,20.40873170117705,0,0,10.028508922155563,3.422016008803978,10.028508922155563
Liberia,LBR,Western Africa,Bovine Meat (beef herd),0.28,0.06635071090047394,1040000,69004.7393364929,616.6711229946525,368.774746960966,111.46954022988484,89.42543572797405,42.55323009858835,25.447205287922586,7.691926567521913,6.170778882461148,50.24515666611026
Liberia,LBR,Western Africa,Lamb & Mutton,0.18,0.04265402843601896,1040000,44360.18957345972,694.447368421052,705.080351897271,63.3333333333333,49.1667231638093,30.805816911948092,31.277498074684633,2.809478672985781,2.1810451602523937,33.615295584933875
Liberia,LBR,Western Africa,Pig Meat,1.11,0.2630331753554503,1040000,273554.5023696683,0,0,100.852272727273,40.2166981799849,0,0,27.588593278759234,11.001458857576914,27.588593278759234
Liberia,LBR,Western Africa,Poultry Meat,2.65,0.6279620853080569,1040000,653080.5687203791,0,0,59.8095238095238,20.40873170117705,0,0,39.06043782441886,13.328546106266339,39.06043782441886
Lesotho,LSO,Southern Africa,Bovine Meat (beef herd),2.45,0.3792569659442725,676000,256377.7089783282,616.6711229946525,368.774746960966,111.46954022988484,89.42543572797405,158.10072970646183,94.54562475491518,28.578305345005464,22.926688336326727,186.6790350514673
Lesotho,LSO,Southern Africa,Lamb & Mutton,1.46,0.2260061919504644,676000,152780.18575851392,694.447368421052,705.080351897271,63.3333333333333,49.1667231638093,106.0977979468795,107.72230713754344,9.676078431372543,7.511701098104214,115.77387637825203
Lesotho,LSO,Southern Africa,Pig Meat,0.8,0.12383900928792571,676000,83715.17027863779,0,0,100.852272727273,40.2166981799849,0,0,8.442865184351277,3.3667477361820186,8.442865184351277
Lesotho,LSO,Southern Africa,Poultry Meat,1.75,0.2708978328173375,676000,183126.93498452014,0,0,59.8095238095238,20.40873170117705,0,0,10.952734778121775,3.7373884833579645,10.952734778121775
Morocco,MAR,Northern Africa,Bovine Meat (beef herd),1.8341835893561032,0.1757519078126622,6110000,1073844.156735366,616.6711229946525,368.774746960966,111.46954022988484,89.42543572797405,662.2086820552437,396.0066071755965,119.70091442983964,96.02898161999896,781.9095964850834
Morocco,MAR,Northern Africa,Lamb & Mutton,1.936096450075456,0.18551722236787543,6110000,1133510.2286677188,694.447368421052,705.080351897271,63.3333333333333,49.1667231638093,787.1631953766422,799.2157909081914,71.7889811489555,55.730983616251905,858.9521765255977
Morocco,MAR,Northern Africa,Pig Meat,0.007421805076561779,7.111591277933891e-4,6110000,4345.182270817608,0,0,100.852272727273,40.2166981799849,0,0,0.4382215074262088,0.17474888392249313,0.4382215074262088
Morocco,MAR,Northern Africa,Poultry Meat,6.658506855491878,0.638019710691669,6110000,3898300.4323260975,0,0,59.8095238095238,20.40873170117705,0,0,233.15549252388465,79.55936761392583,233.15549252388465
Madagascar,MDG,Eastern Africa,Bovine Meat (beef herd),2.1896703,0.504936707030559,936000,472620.75778060325,616.6711229946525,368.774746960966,111.46954022988484,89.42543572797405,291.45157345114825,174.29060035904195,52.682818572903614,42.26431719861573,344.1343920240519
Madagascar,MDG,Eastern Africa,Lamb & Mutton,0.20944,0.04829674308523994,936000,45205.75152778459,694.447368421052,705.080351897271,63.3333333333333,49.1667231638093,31.393015185965957,31.873687194990957,2.8630309300930223,2.2226186707785343,34.25604611605898
Madagascar,MDG,Eastern Africa,Pig Meat,0.7987139999999999,0.18418298728315668,936000,172395.27609703466,0,0,100.852272727273,40.2166981799849,0,0,17.386455401831668,6.933168786449609,17.386455401831668
Madagascar,MDG,Eastern Africa,Poultry Meat,1.1387,0.2625835626010444,936000,245778.21459457753,0,0,59.8095238095238,20.40873170117705,0,0,14.699877977656634,5.01602163965505,14.699877977656634
Mali,MLI,Western Africa,Bovine Meat (beef herd),3.071451419030748,0.4263097794804396,3081000,1313460.4305792344,616.6711229946525,368.774746960966,111.46954022988484,89.42543572797405,809.9731187343363,484.3710379300987,146.41083030681384,117.45677131600044,956.3839490411501
Mali,MLI,Western Africa,Lamb & Mutton,3.0812315190750663,0.42766723291999476,3081000,1317642.744626504,694.447368421052,705.080351897271,63.3333333333333,49.1667231638093,915.0335365249679,929.0440100561414,83.45070715967853,64.78417605385319,998.4842436846465
Mali,MLI,Western Africa,Pig Meat,0.05564756923989686,0.007723743512364971,3081000,23796.853761596474,0,0,100.852272727273,40.2166981799849,0,0,2.39996678561556,0.9570308853633638,2.39996678561556
Mali,MLI,Western Africa,Poultry Meat,0.9964101926542892,0.13829924408720068,3081000,426099.9710326653,0,0,59.8095238095238,20.40873170117705,0,0,25.484836362715598,8.696159986684979,25.484836362715598
Malta,MLT,Southern Europe,Bovine Meat (beef herd),5.224525593920524,0.2089106626456419,910,190.10870300753413,616.6711229946525,368.774746960966,111.46954022988484,89.42543572797405,0.11723454737471295,0.07010728884668084,0.021191329717949556,0.01700055360212875,0.1384258770926625
Malta,MLT,Southern Europe,Lamb & Mutton,0.5978721666817496,0.023906834845294087,910,21.75521970921762,694.447368421052,705.080351897271,63.3333333333333,49.1667231638093,0.015107855076487983,0.015339177968177607,0.0013778305815837818,0.0010696328648109505,0.016485685658071764
Malta,MLT,Southern Europe,Poultry Meat,8.390558743405299,0.3355093501870689,910,305.3135086702327,0,0,59.8095238095238,20.40873170117705,0,0,0.018260655566181533,0.006231061483195772,0.018260655566181533
Mauritius,MUS,Eastern Africa,Bovine Meat (beef herd),1.7153469273426623,0.1003393576537604,81250,8152.572809368032,616.6711229946525,368.774746960966,111.46954022988484,89.42543572797405,5.027456229648654,3.006462974855548,0.9087635427509152,0.7290473757817697,5.936219772399569
Mauritius,MUS,Eastern Africa,Lamb & Mutton,1.4912015941546208,0.08722795820757513,81250,7087.271604365479,694.447368421052,705.080351897271,63.3333333333333,49.1667231638093,4.921737114936855,4.997095956797549,0.44886053494314676,0.3484579209585641,5.370597649880001
Mauritius,MUS,Eastern Africa,Pig Meat,0.9771946367189498,0.05716107953915507,81250,4644.337712556349,0,0,100.852272727273,40.2166981799849,0,0,0.4683920136242922,0.18677992803180016,0.4683920136242922
Mauritius,MUS,Eastern Africa,Poultry Meat,12.911711381783768,0.7552716045995093,81250,61365.817873710126,0,0,59.8095238095238,20.40873170117705,0,0,3.670260345208567,1.252398512607845,3.670260345208567
Namibia,NAM,Southern Africa,Bovine Meat (beef herd),2.7275033829572917,0.2692163808996605,845000,227487.8418602131,616.6711229946525,368.774746960966,111.46954022988484,89.42543572797405,140.28518290756753,83.89177131869636,25.35796514004671,20.343199381166013,165.64314804761423
Namibia,NAM,Southern Africa,Lamb & Mutton,1.8957215991525602,0.18711592121429846,845000,158112.9534260822,694.447368421052,705.080351897271,63.3333333333333,49.1667231638093,109.80112442002316,111.48233684117888,10.013820383651867,7.7738958097124575,119.81494480367502
Namibia,NAM,Southern Africa,Pig Meat,1.1310625508680914,0.11164076584414402,845000,94336.4471383017,0,0,100.852272727273,40.2166981799849,0,0,9.514045094913975,3.79390042193318,9.514045094913975
Namibia,NAM,Southern Africa,Poultry Meat,4.376980757022056,0.432026932041897,845000,365062.75757540297,0,0,59.8095238095238,20.40873170117705,0,0,21.834229691176482,7.450467873448239,21.834229691176482
Niger,NER,Western Africa,Bovine Meat (beef herd),2.5081289848754618,0.5742993084160384,3575000,2053120.0275873372,616.6711229946525,368.774746960966,111.46954022988484,89.42543572797405,1266.0998330550951,757.1388186540119,228.86034551192895,183.60115306882773,1494.9601785670243
Niger,NER,Western Africa,Lamb & Mutton,1.480321828828905,0.33895697057694124,3575000,1211771.169812565,694.447368421052,705.080351897271,63.3333333333333,49.1667231638093,841.5113000048354,854.396042830411,76.7455074214624,59.57881764405973,918.2568074262979
Niger,NER,Western Africa,Pig Meat,0.026359388695602993,0.006035646009212723,3575000,21577.434482935485,0,0,100.852272727273,40.2166981799849,0,0,2.176133307227875,0.867773170098615,2.176133307227875
Niger,NER,Western Africa,Poultry Meat,0.3524751976000299,0.08070807499780754,3575000,288531.36811716197,0,0,59.8095238095238,20.40873170117705,0,0,17.256923731197876,5.888559279276709,17.256923731197876
Nigeria,NGA,Western Africa,Bovine Meat (beef herd),0.6688431679839618,0.2455801520831574,21190000,5203843.422642105,616.6711229946525,368.774746960966,111.46954022988484,89.42543572797405,3209.059967329043,1919.0460414093297,580.0700337502258,465.35596552992206,3789.1300010792684
Nigeria,NGA,Western Africa,Lamb & Mutton,1.001004741271374,0.36754041659476194,21190000,7788181.427643006,694.447368421052,705.080351897271,63.3333333333333,49.1667231638093,5408.482097212398,5491.293701642321,493.25149041739013,382.9193602024448,5901.7335876297875
Nigeria,NGA,Western Africa,Pig Meat,0.4334620530983914,0.1591549140631024,21190000,3372492.6289971396,0,0,100.852272727273,40.2166981799849,0,0,340.1235463903375,135.63051817460178,340.1235463903375
Nigeria,NGA,Western Africa,Poultry Meat,0.6202129376462727,0.22772451725897835,21190000,4825482.520717751,0,0,59.8095238095238,20.40873170117705,0,0,288.60981171530926,98.48197809404812,288.60981171530926
Peru,PER,South America,Lamb & Mutton,0.35688831180044794,0.05316867950261029,1001000,53221.8481821129,694.447368421052,705.080351897271,63.3333333333333,49.1667231638093,36.95977241257305,37.5256794448673,3.3707170515338154,2.616743875836232,40.330489464106876
Poland,POL,Eastern Europe,Bovine Meat (beef herd),0.6673897777443244,0.03306915646168898,506740,16757.464345396274,616.6711229946525,368.774746960966,111.46954022988484,89.42543572797405,10.33384435641837,6.179729673680921,1.8679468460000108,1.4985435507830511,12.201791202418379
Poland,POL,Eastern Europe,Lamb & Mutton,0.018228917845879513,9.032426873694209e-4,506740,457.70919939758033,694.447368421052,705.080351897271,63.3333333333333,49.1667231638093,0.3178549490237563,0.3227217633778641,0.028988249295180075,0.022504061496309624,0.34684319831893634
Poland,POL,Eastern Europe,Pig Meat,12.47819220031089,0.6182942921687822,506740,313314.44961360865,0,0,100.852272727273,40.2166981799849,0,0,31.598474321827094,12.600472655538587,31.598474321827094
Portugal,PRT,Southern Europe,Bovine Meat (beef herd),4.48725536155806,0.18076948904393422,618540.0000000001,111813.1597532351,616.6711229946525,368.774746960966,111.46954022988484,89.42543572797405,68.95194679060798,41.23386969490534,12.463761509343781,9.99894053105462,81.41570829995176
Portugal,PRT,Southern Europe,Lamb & Mutton,0.8768101335310893,0.035322375718756585,618540.0000000001,21848.302277079703,694.447368421052,705.080351897271,63.3333333333333,49.1667231638093,15.172496020785678,15.404808657881304,1.3837258108817139,1.0742094296564022,16.55622183166739
Portugal,PRT,Southern Europe,Poultry Meat,9.454320629274692,0.380868163655856,618540.0000000001,235582.19394769322,0,0,59.8095238095238,20.40873170117705,0,0,14.090058838014413,4.807933789853127,14.090058838014413
Romania,ROU,Eastern Europe,Bovine Meat (beef herd),1.8676810834779607,0.12618575124454792,531830,67109.36808438793,616.6711229946525,368.774746960966,111.46954022988484,89.42543572797405,41.384409380060994,24.748240234030487,7.48065040548483,6.001284482375385,48.865059785545824
Romania,ROU,Eastern Europe,Lamb & Mutton,1.1036155475029163,0.07456334926704411,531830,39655.02604069207,694.447368421052,705.080351897271,63.3333333333333,49.1667231638093,27.538328478626898,27.959979715266613,2.5114849825771635,1.949707687396356,30.049813461204064
Romania,ROU,Eastern Europe,Pig Meat,6.935751730165438,0.4685987614581557,531830,249214.87930629094,0,0,100.852272727273,40.2166981799849,0,0,25.133886975492477,10.022599583022467,25.133886975492477
Russia,RUS,Eastern Europe,Bovine Meat (beef herd),4.967702445515534,0.25320116026470757,390,98.74845250323595,616.6711229946525,368.774746960966,111.46954022988484,89.42543572797405,0.06089531909915461,0.03641593558466781,0.011007444598948332,0.008830623392565025,0.071902763698102945
Russia,RUS,Eastern Europe,Lamb & Mutton,0.5347579754014166,0.027256330530560403,390,10.629968906918558,694.447368421052,705.080351897271,63.3333333333333,49.1667231638093,0.0073819539338072,0.007494982217547187,6.732313641048416e-4,5.226407384863653e-4,0.008055185297912042
Russia,RUS,Eastern Europe,Pig Meat,5.99814238384036,0.30572213768405126,390,119.23163369678,0,0,100.852272727273,40.2166981799849,0,0,0.012024781239305971,0.004795102625889918,0.012024781239305971
Rwanda,RWA,Eastern Africa,Bovine Meat (beef herd),0.8947569505586224,0.5605962816986133,1816230,1018171.7847094724,616.6711229946525,368.774746960966,111.46954022988484,89.42543572797405,627.8771378782599,375.47604226903087,113.49514071660619,91.05045549357357,741.3722785948661
Rwanda,RWA,Eastern Africa,Lamb & Mutton,0.2982156458029062,0.18684245154741244,1816230,339348.8657739569,694.447368421052,705.080351897271,63.3333333333333,49.1667231638093,235.65992681339318,239.26821769584132,21.49209483235059,16.684671739460818,257.15202164574373
Rwanda,RWA,Eastern Africa,Pig Meat,0.3285392703945761,0.2058412547230699,1816230,373855.06206568127,0,0,100.852272727273,40.2166981799849,0,0,37.70413267991966,15.035216194155026,37.70413267991966
Rwanda,RWA,Eastern Africa,Poultry Meat,0.07456891324389525,0.04672001203090439,1816230,84854.28745088947,0,0,59.8095238095238,20.40873170117705,0,0,5.075094525634151,1.7317683862797582,5.075094525634151
Sudan,SDN,Northern Africa,Bovine Meat (beef herd),2.4019107183561044,0.35044130960147185,1274000,446462.2284322751,616.6711229946525,368.774746960966,111.46954022988484,89.42543572797405,275.32036378202616,164.6439953177413,49.76693933335553,39.925079313638484,325.0873031153817
Sudan,SDN,Northern Africa,Lamb & Mutton,4.093808045205896,0.5972909157926068,1274000,760948.6267197811,694.447368421052,705.080351897271,63.3333333333333,49.1667231638093,528.4387713291654,536.5299255033284,48.19341302558611,37.413350471812336,576.6321843547514
Sudan,SDN,Northern Africa,Pig Meat,0,0,1274000,0,0,0,100.852272727273,40.2166981799849,0,0,0,0,0
Sudan,SDN,Northern Africa,Poultry Meat,0.358241236438,0.05226777460592124,1274000,66589.14484794367,0,0,59.8095238095238,20.40873170117705,0,0,3.982665044238916,1.3589999914124984,3.982665044238916
Senegal,SEN,Western Africa,Bovine Meat (beef herd),1.8999876489044063,0.4036618436859586,8189.999999999999,3305.9904997880003,616.6711229946525,368.774746960966,111.46954022988484,89.42543572797405,2.0387088741139183,1.2191658100146774,0.36851724101573563,0.2956396409560846,2.4072261151296543
Senegal,SEN,Western Africa,Lamb & Mutton,1.0589730439156242,0.2249841000635997,8189.999999999999,1842.6197795208814,694.447368421052,705.080351897271,63.3333333333333,49.1667231638093,1.279602456888855,1.299195002557455,0.11669925270298909,0.09059557659586251,1.3963017095918444
Senegal,SEN,Western Africa,Pig Meat,0.2648575984689244,0.05627031658540031,8189.999999999999,460.8538928344285,0,0,100.852272727273,40.2166981799849,0,0,0.046478162487563236,0.018534021913193317,0.046478162487563236
Senegal,SEN,Western Africa,Poultry Meat,1.4830611887110452,0.31508373966504133,8189.999999999999,2580.5358278566882,0,0,59.8095238095238,20.40873170117705,0,0,0.1543406190375238,0.05266546335600196,0.1543406190375238
Sierra Leone,SLE,Western Africa,Bovine Meat (beef herd),0.72,0.29508196721311475,396760,117076.72131147541,616.6711229946525,368.774746960966,111.46954022988484,89.42543572797405,72.19783320767951,43.174938276658885,13.050488296212524,10.469636816881275,85.24832150389203
Sierra Leone,SLE,Western Africa,Lamb & Mutton,0.26,0.10655737704918034,396760,42277.70491803279,694.447368421052,705.080351897271,63.3333333333333,49.1667231638093,29.359640923209643,29.809179061015545,2.6775879781420753,2.0786562137061373,32.03722890135172
Sierra Leone,SLE,Western Africa,Pig Meat,0.19,0.0778688524590164,396760,30895.245901639344,0,0,100.852272727273,40.2166981799849,0,0,3.115855765648295,1.2425047796226452,3.115855765648295
Sierra Leone,SLE,Western Africa,Poultry Meat,1.27,0.5204918032786885,396760,206510.32786885244,0,0,59.8095238095238,20.40873170117705,0,0,12.351284371584697,4.214613874997515,12.351284371584697
Suriname,SUR,South America,Lamb & Mutton,0.036901,0.002098913480523663,16250000,34107.34405850952,694.447368421052,705.080351897271,63.3333333333333,49.1667231638093,23.685755325263344,24.04841815105519,2.1601317903722688,1.6769463431775338,25.845887115635612
Slovakia,SVK,Eastern Europe,Bovine Meat (beef herd),1.3424478785210014,0.07924549682279639,88140,6984.698089961274,616.6711229946525,368.774746960966,111.46954022988484,89.42543572797405,4.3072616149150225,2.5757802707242115,0.778581084732538,0.624609670123135,5.085842699647561
Slovakia,SVK,Eastern Europe,Lamb & Mutton,0.052122421020964906,0.0030768175178346128,88140,271.19069602194276,694.447368421052,705.080351897271,63.3333333333333,49.1667231638093,0.1883276651927116,0.19121123138241725,0.017175410748056365,0.01333355787591162,0.20550307594076797
Slovakia,SVK,Eastern Europe,Pig Meat,9.706818542794169,0.5729992726718905,88140,50504.155893300434,0,0,100.852272727273,40.2166981799849,0,0,5.093458904011848,2.0311103943957693,5.093458904011848
Slovenia,SVN,Southern Europe,Bovine Meat (beef herd),5.416966577942541,0.24187024217457834,8320,2012.3604148924917,616.6711229946525,368.774746960966,111.46954022988484,89.42543572797405,1.2409645569217378,0.7421077027962433,0.22431689022488635,0.17995620694348768,1.465281447146624
Slovenia,SVN,Southern Europe,Lamb & Mutton,0.33590669610014734,0.014998400445118439,8320,124.78669170338542,694.447368421052,705.080351897271,63.3333333333333,49.1667231638093,0.08665778966738513,0.08798464449831926,0.007903157141214406,0.00613535272550797,0.09456094680859954
Slovenia,SVN,Southern Europe,Poultry Meat,7.6275638138973845,0.34057450425882607,8320,2833.579875433433,0,0,59.8095238095238,20.40873170117705,0,0,0.16947506302592338,0.05782977143157562,0.16947506302592338
Chad,TCD,Middle Africa,Bovine Meat (beef herd),3.35,0.6836734693877551,585000,399948.97959183675,616.6711229946525,368.774746960966,111.46954022988484,89.42543572797405,246.6369863854633,147.49108374627616,44.58212887051364,35.7656117689586,291.21911525597693
Chad,TCD,Middle Africa,Lamb & Mutton,1.38,0.2816326530612244,585000,164755.1020408163,694.447368421052,705.080351897271,63.3333333333333,49.1667231638093,114.41374704618677,116.16558532380957,10.43448979591836,8.100468491865968,124.84823684210514
Chad,TCD,Middle Africa,Pig Meat,0.02,0.004081632653061224,585000,2387.755102040816,0,0,100.852272727273,40.2166981799849,0,0,0.24081052875695794,0.09602762626649455,0.24081052875695794
Chad,TCD,Middle Africa,Poultry Meat,0.15,0.03061224489795918,585000,17908.16326530612,0,0,59.8095238095238,20.40873170117705,0,0,1.0710787172011658,0.3654828993425074,1.0710787172011658
Togo,TGO,Western Africa,Bovine Meat (beef herd),0.62,0.16062176165803108,733980,117893.16062176165,616.6711229946525,368.774746960966,111.46954022988484,89.42543572797405,72.7013077540107,43.47602047671867,13.141496410755735,10.542647257949067,85.84280416476643
Togo,TGO,Western Africa,Lamb & Mutton,0.64,0.16580310880829013,733980,121696.16580310879,694.447368421052,705.080351897271,63.3333333333333,49.1667231638093,84.51158208890092,85.80557540900459,7.707423834196886,5.983401694138486,92.21900592309781
Togo,TGO,Western Africa,Pig Meat,0.5,0.12953367875647667,733980,95075.12953367874,0,0,100.852272727273,40.2166981799849,0,0,9.588542893311377,3.823607788878927,9.588542893311377
Togo,TGO,Western Africa,Poultry Meat,2.1,0.544041450777202,733980,399315.5440414507,0,0,59.8095238095238,20.40873170117705,0,0,23.8828725388601,8.149523802451515,23.8828725388601
Tunisia,TUN,Northern Africa,Bovine Meat (beef herd),1.5908716167763022,0.19067608778954925,62400.00000000001,11898.187878067874,616.6711229946525,368.774746960966,111.46954022988484,89.42543572797405,7.337268880369477,4.387751224028514,1.326285532337015,1.0640006353695186,8.663554412706493
Tunisia,TUN,Northern Africa,Lamb & Mutton,2.1267340135993957,0.25490260634847944,62400.00000000001,15905.922636145118,694.447368421052,705.080351897271,63.3333333333333,49.1667231638093,11.045826116979821,11.214953529543969,1.0073751002891902,0.7820420949163149,12.053201217269011
Tunisia,TUN,Northern Africa,Pig Meat,0,0,62400.00000000001,0,0,0,100.852272727273,40.2166981799849,0,0,0,0,0
Tunisia,TUN,Northern Africa,Poultry Meat,4.625714369624302,0.5544213058619712,62400.00000000001,34595.88948578701,0,0,59.8095238095238,20.40873170117705,0,0,2.0691636759118324,0.7060582264789992,2.0691636759118324
Tanzania,TZA,Eastern Africa,Bovine Meat (beef herd),1.6207565353195326,0.5683655326476148,2730000,1551637.9041279885,616.6711229946525,368.774746960966,111.46954022988484,89.42543572797405,956.8502888196756,572.2048754698426,172.960363776409,138.75589566868578,1129.8106525960845
Tanzania,TZA,Eastern Africa,Lamb & Mutton,0.43309510724759864,0.1518774263460412,2730000,414625.3739246925,694.447368421052,705.080351897271,63.3333333333333,49.1667231638093,287.9354998025974,292.34420455235977,26.25960701523051,20.38577097644627,314.19510681782793
Tanzania,TZA,Eastern Africa,Pig Meat,0.09958347367626276,0.03492184842416825,2730000,95336.64619797931,0,0,100.852272727273,40.2166981799849,0,0,9.614917443262145,3.834125125636139,9.614917443262145
Tanzania,TZA,Eastern Africa,Poultry Meat,0.6981743537566062,0.24483519258217576,2730000,668400.0757493398,0,0,59.8095238095238,20.40873170117705,0,0,39.976690244817654,13.641197815014692,39.976690244817654
Uruguay,URY,South America,Lamb & Mutton,2.410916018755985,0.10549760264147898,24440,2578.361408557746,694.447368421052,705.080351897271,63.3333333333333,49.1667231638093,1.7905362950113237,1.817951969264239,0.1632962225419905,0.12676958159080812,1.953832517553314
United States,USA,Northern America,Lamb & Mutton,0.1457,0.004341021146716935,33027930,143374.94256228665,694.447368421052,705.080351897271,63.3333333333333,49.1667231638093,99.56635155989945,101.0908549550681,9.080413028944816,7.049276109587007,108.64676458884426
Venezuela,VEN,South America,Lamb & Mutton,0.1312279801564822,0.00469804665819204,16250000,76343.25819562066,694.447368421052,705.080351897271,63.3333333333333,49.1667231638093,53.01637475063768,53.82813135355243,4.835073019055973,3.7535478411272964,57.85144776969365
South Africa,ZAF,Southern Africa,Bovine Meat (beef herd),4.549298,0.24141893880481205,5930470,1431727.7740137738,616.6711229946525,368.774746960966,111.46954022988484,89.42543572797405,882.905174223708,527.9850475789166,159.59403670367183,128.03288003502408,1042.4992109273796
South Africa,ZAF,Southern Africa,Lamb & Mutton,1.1856,0.06291658489880969,5930470,373124.9192448439,694.447368421052,705.080351897271,63.3333333333333,49.1667231638093,259.1156182618994,263.08304936279535,23.631244885506767,18.34532961002994,282.74686314740615
South Africa,ZAF,Southern Africa,Pig Meat,1.315,0.06978349286600434,5930470,413848.91093705274,0,0,100.852272727273,40.2166981799849,0,0,41.73760323370856,16.643636743270903,41.73760323370856
South Africa,ZAF,Southern Africa,Poultry Meat,11.7941,0.625880983430374,5930470,3711768.3958043302,0,0,59.8095238095238,20.40873170117705,0,0,221.99910024429707,75.75248532687893,221.99910024429707
Zambia,ZMB,Eastern Africa,Bovine Meat (beef herd),1.99,0.5115681233933161,4940000,2527146.529562982,616.6711229946525,368.774746960966,111.46954022988484,89.42543572797405,1558.4182883576427,931.947821972872,281.6998617439347,225.9911795546071,1840.1181501015774
Zambia,ZMB,Eastern Africa,Lamb & Mutton,0.27,0.06940874035989718,4940000,342879.1773778921,694.447368421052,705.080351897271,63.3333333333333,49.1667231638093,238.11154241645227,241.75737104385095,21.715681233933154,16.858245592773486,259.8272236503854
Zambia,ZMB,Eastern Africa,Pig Meat,0.54,0.13881748071979436,4940000,685758.3547557842,0,0,100.852272727273,40.2166981799849,0,0,69.16028861883638,27.578936777616384,69.16028861883638
Zambia,ZMB,Eastern Africa,Poultry Meat,1.09,0.2802056555269923,4940000,1384215.9383033419,0,0,59.8095238095238,20.40873170117705,0,0,82.78929611947605,28.25009170132595,82.78929611947605
Zimbabwe,ZWE,Eastern Africa,Bovine Meat (beef herd),2.1988035040409737,0.38856885273249353,4550000,1767988.2799328456,616.6711229946525,368.774746960966,111.46954022988484,89.42543572797405,1090.267318027572,651.9894305621888,197.07684069593924,158.10312229494608,1287.3441587235113
Zimbabwe,ZWE,Eastern Africa,Lamb & Mutton,0.3564883616645193,0.06299802299291189,4550000,286641.00461774913,694.447368421052,705.080351897271,63.3333333333333,49.1667231638093,199.0570913383625,202.10494040406985,18.153930292457435,14.093198921437056,217.21102163081994
Zimbabwe,ZWE,Eastern Africa,Pig Meat,0.8264970467347438,0.14605716638449062,4550000,664560.1070494324,0,0,100.852272727273,40.2166981799849,0,0,67.0223971598151,26.72641324766548,67.0223971598151
Zimbabwe,ZWE,Eastern Africa,Poultry Meat,2.276934087559763,0.402375957890104,4550000,1830810.6083999733,0,0,59.8095238095238,20.40873170117705,0,0,109.49991067382696,37.364522502503775,109.49991067382696
Albania,ALB,Southern Europe,Pig Meat,2.3353,0.18125160078545208,260,47.12541620421754,0,0,96.5625,40.2166981799849,0,0,0.004550548002219756,0.0018952286400911865,0.004550548002219756
Argentina,ARG,South America,Bovine Meat (beef herd),17.333014469480325,0.541546904890161,6500000,3520054.8817860465,1146.125,894.873274961735,139.172413793103,330.215359269579,4034.4229013870327,3150.0030401089225,489.89453458236,1162.3761874376146,4524.317435969393
Argentina,ARG,South America,Pig Meat,3.1238765141178773,0.09760135263594012,6500000,634408.7921336108,0,0,58.125,35.7235479061081,0,0,36.87501104276613,22.663332877841224,36.87501104276613
Argentina,ARG,South America,Poultry Meat,11.037083078595252,0.3448389309749438,6500000,2241453.0513371346,0,0,41.9047619047619,17.7081402550499,0,0,93.92755643698467,39.691965008187545,93.92755643698467
Austria,AUT,Western Europe,Bovine Meat (beef herd),4.709177575164066,0.16944183108626637,937950,158927.96546736354,260.55,56.5226782618688,64.25,14.686177975546,41.40868140252157,8.983034258925185,10.211121781278107,2.3340443861451297,51.61980318379968
Austria,AUT,Western Europe,Lamb & Mutton,0.4128870723209475,0.014856169776836594,937950,13934.344442183883,770.833333333333,876.095980282222,63.3333333333333,49.1667231638093,10.741057174183405,12.20782315366522,0.8825084813383122,0.6851060556580197,11.623565655521718
Austria,AUT,Western Europe,Pig Meat,16.447635682583986,0.5918055674508618,937950,555084.0319905358,85.0378787878788,338.579542971511,76.8990384615385,28.7855653763907,47.20316862949822,187.9400978621392,42.68542832542608,15.978407692254114,89.8885969549243
Austria,AUT,Western Europe,Poultry Meat,6.222595969931,0.22389643168603524,937950,210003.65809991676,0,0,57.7142857142857,23.1093231473042,0,0,12.120211124623765,4.853042397146964,12.120211124623765
Belgium,BEL,Western Europe,Bovine Meat (beef herd),4.741659845441011,0.22159804652968457,238680,52891.02174570511,260.55,56.5226782618688,64.25,14.686177975546,13.780755715843467,2.989542205073996,3.3982481471615538,0.776766958665899,17.17900386300502
Belgium,BEL,Western Europe,Lamb & Mutton,0.5490783849646381,0.02566078155454891,238680,6124.715341439734,770.833333333333,876.095980282222,63.3333333333333,49.1667231638093,4.721134742359793,5.365838491008208,0.387898638291183,0.3011321836497032,5.109033380650977
Belgium,BEL,Western Europe,Pig Meat,8.6143783357176,0.40258674672710737,238680,96089.40470882598,85.0378787878788,338.579542971511,76.8990384615385,28.7855653763907,8.171239150428574,32.53390673071886,7.389182828450347,2.7659878412243746,15.56042197887892
Belgium,BEL,Western Europe,Poultry Meat,7.492454033876752,0.3501544251886591,238680,83574.85820402915,0,0,57.7142857142857,23.1093231473042,0,0,4.823463244918252,1.9313584052270372,4.823463244918252
Bulgaria,BGR,Eastern Europe,Poultry Meat,6.845856517640555,0.4197920665878342,2860.0000000000005,1200.605310441206,0,NA,70.8571428571428,NA,0,NA,0.08507146199697682,NA,0.08507146199697682
Bahamas,BHS,Caribbean,Pig Meat,5.4465,0.19079456926457652,2080,396.8527040703192,0,NA,163.75,NA,0,NA,0.06498463029151477,NA,0.06498463029151477
Bolivia,BOL,South America,Bovine Meat (beef herd),6.2131,0.2887087213755637,16250000,4691516.72235291,1146.125,894.873274961735,139.172413793103,330.215359269579,5377.064603406729,4198.312933869694,652.9297066005615,1549.2108799910038,6029.99431000729
Bolivia,BOL,South America,Pig Meat,3.1743859000000003,0.14750654171695582,16250000,2396981.3029005323,0,0,58.125,35.7235479061081,0,0,139.32453823109344,85.62867640421258,139.32453823109344
Bolivia,BOL,South America,Poultry Meat,11.403,0.5298716501980578,16250000,8610414.31571844,0,0,41.9047619047619,17.7081402550499,0,0,360.8173618015346,152.47442435683166,360.8173618015346
Brazil,BRA,South America,Bovine Meat (beef herd),12.318476,0.4168287802227848,16250000,6773467.678620253,1146.125,894.873274961735,139.172413793103,330.215359269579,7763.240643158637,6061.395204414366,942.6798465831467,2236.703062996468,8705.920489741784
Brazil,BRA,South America,Pig Meat,4.2776582,0.14474607489725136,16250000,2352123.7170803347,0,0,58.125,35.7235479061081,0,0,136.71719105529445,84.02620428821238,136.71719105529445
Brazil,BRA,South America,Poultry Meat,12.7107,0.4301007346020523,16250000,6989136.937283349,0,0,41.9047619047619,17.7081402550499,0,0,292.8781192766355,123.76461714716345,292.8781192766355
Switzerland,CHE,Western Europe,Bovine Meat (beef herd),6.259212328463226,0.3054001143942119,664560.0000000001,202956.7000218175,260.55,56.5226782618688,64.25,14.686177975546,52.88036819068455,11.471656256423811,13.039967976401774,2.980658217849913,65.92033616708632
Switzerland,CHE,Western Europe,Lamb & Mutton,0.5612756375439052,0.02738581708326208,664560.0000000001,18199.51860085265,770.833333333333,876.095980282222,63.3333333333333,49.1667231638093,14.028795588157246,15.944525089278535,1.1526361780540006,0.8948106927627203,15.181431766211247
Switzerland,CHE,Western Europe,Pig Meat,8.381025989763291,0.40892785892166744,664560.0000000001,271757.09792498336,85.0378787878788,338.579542971511,76.8990384615385,28.7855653763907,23.109647153090442,92.01139401470502,20.897859525529377,7.822681708817818,44.00750667861982
Switzerland,CHE,Western Europe,Poultry Meat,5.293607144229579,0.2582862096008585,664560.0000000001,171646.68345234657,0,0,57.7142857142857,23.1093231473042,0,0,9.906465730678285,3.9666386750633094,9.906465730678285
Colombia,COL,South America,Bovine Meat (beef herd),5.415277112697569,0.35657244369390734,16250000,5794302.210025994,1146.125,894.873274961735,139.172413793103,330.215359269579,6640.994620466043,5185.16619480398,806.4070248160289,1913.367586000249,7447.4016452820715
Colombia,COL,South America,Pig Meat,2.190075565148094,0.14420695005766063,16250000,2343362.938436985,0,0,58.125,35.7235479061081,0,0,136.20797079664976,83.71323819265189,136.20797079664976
Colombia,COL,South America,Poultry Meat,7.48732409018462,0.49300772462878983,16250000,8011375.525217835,0,0,41.9047619047619,17.7081402550499,0,0,335.7147839138902,141.8665614364315,335.7147839138902
Czechia,CZE,Eastern Europe,Poultry Meat,7.669126561820223,0.33187491788493373,87490.00000000001,29035.736565752857,0,NA,70.8571428571428,NA,0,NA,2.057389333801915,NA,2.057389333801915
Germany,DEU,Western Europe,Bovine Meat (beef herd),3.71400355393706,0.15744242843273937,10794810,1699561.1008700193,260.55,56.5226782618688,64.25,14.686177975546,442.8206448316835,96.06374529086365,109.19680073089874,24.96005680769199,552.0174455625822
Germany,DEU,Western Europe,Lamb & Mutton,0.328855002353324,0.013940678682947478,10794810,150486.97765346826,770.833333333333,876.095980282222,63.3333333333333,49.1667231638093,116.00037860788174,131.8410362070241,9.530841918052984,7.398951570046431,125.53122052593473
Germany,DEU,Western Europe,Pig Meat,13.587133524153558,0.5759798735827684,10794810,6217593.299150004,85.0378787878788,338.579542971511,76.8990384615385,28.7855653763907,528.7309453254454,2105.1498976089374,478.1269462495402,178.97693839649116,1006.8578915749857
Germany,DEU,Western Europe,Poultry Meat,5.959605659556058,0.2526370193015448,10794810,2727168.622326509,0,0,57.7142857142857,23.1093231473042,0,0,157.39658905998706,63.023020970531704,157.39658905998706
Denmark,DNK,Northern Europe,Bovine Meat (beef herd),8.264512914297525,0.3802908075187406,546000,207638.7809052324,383.636363636364,242.106287703262,61.2727272727273,57.3573725149451,79.65778685637105,50.27065442819678,12.722594393647881,11.909614904930484,92.38038125001893
Denmark,DNK,Northern Europe,Lamb & Mutton,0.3622940118428934,0.016670925891420066,546000,9102.325536715356,577.333333333333,609.967758710792,30.5,17.3925271309261,5.255075943196996,5.5521251066862725,0.2776209288698183,0.15831244385184334,5.532696872066815
Denmark,DNK,Northern Europe,Pig Meat,4.588278206042733,0.21112920291745257,546000,115276.54479292911,9.66346153846154,18.9672668441835,100.852272727273,40.8624222741696,1.1139704568932094,2.186480985962958,11.625901534514188,4.710478851635896,12.739871991407398
Denmark,DNK,Northern Europe,Poultry Meat,8.51700186781685,0.3919090636723868,546000,213982.3487651232,0,0,76,28.2842712474619,0,0,16.262658506149364,6.052334794641737,16.262658506149364
Ecuador,ECU,South America,Bovine Meat (beef herd),5.632134140728738,0.32038579883999424,16250000,5206269.231149906,1146.125,894.873274961735,139.172413793103,330.215359269579,5967.0353225516865,4658.951197211631,724.569055755895,1719.190064618321,6691.604378307581
Ecuador,ECU,South America,Pig Meat,4.790242367144767,0.2724945090239424,16250000,4428035.771639064,0,0,58.125,35.7235479061081,0,0,257.3795792265206,158.18514801810846,257.3795792265206
Ecuador,ECU,South America,Poultry Meat,6.977464612586005,0.3969153642160787,16250000,6449874.668511279,0,0,41.9047619047619,17.7081402550499,0,0,270.2804622995202,114.21528525749122,270.2804622995202
Spain,ESP,Southern Europe,Pig Meat,12.54890259034168,0.48472485830432693,565240,273985.87890793773,0,0,96.5625,40.2166981799849,0,0,26.456761432047735,11.018807397618424,26.456761432047735
Finland,FIN,Northern Europe,Bovine Meat (beef herd),5.566184792118011,0.27053177832257824,59670,16142.631212508244,383.636363636364,242.106287703262,61.2727272727273,57.3573725149451,6.192900337889532,3.908232516623178,0.9891030397482329,0.9258989118272152,7.182003377637765
Finland,FIN,Northern Europe,Lamb & Mutton,0.21832977999902944,0.010611423416548051,59670,633.1836352654223,577.333333333333,609.967758710792,30.5,17.3925271309261,0.3655580187599036,0.38622160285520124,0.019312100875595376,0.011012663555212273,0.38487011963549894
Finland,FIN,Northern Europe,Pig Meat,8.713768974603775,0.4235129634808016,59670,25271.01853089943,9.66346153846154,18.9672668441835,100.852272727273,40.8624222741696,0.2442055156110955,0.47932215189987554,2.5486396529742392,1.0326350305079777,2.7928451685853344
Finland,FIN,Northern Europe,Poultry Meat,6.076692253279182,0.29534383478007215,59670,17623.166621326905,0,0,76,28.2842712474619,0,0,1.3393606632208448,0.49845842495682685,1.3393606632208448
France,FRA,Western Europe,Bovine Meat (beef herd),7.343482661377121,0.2883303445239533,642720,185315.67903243526,260.55,56.5226782618688,64.25,14.686177975546,48.28400017190101,10.474538502830084,11.906532377833965,2.7215790439295025,60.19053254973498
France,FRA,Western Europe,Lamb & Mutton,1.2644800123820135,0.049647827117683646,642720,31909.651445077634,770.833333333333,876.095980282222,63.3333333333333,49.1667231638093,24.597022988914,27.955917363239312,2.0209445915215825,1.5688929988537794,26.617967580435582
France,FRA,Western Europe,Pig Meat,9.012857147069246,0.3538757189456373,642720,227443.00208074,85.0378787878788,338.579542971511,76.8990384615385,28.7855653763907,19.341270442093233,77.00754769656537,17.490148164814606,6.547075405797707,36.831418606907846
France,FRA,Western Europe,Poultry Meat,7.848170179171619,0.30814610941272585,642720,198051.66744174715,0,0,57.7142857142857,23.1093231473042,0,0,11.43041052092369,4.576839982773762,11.43041052092369
United Kingdom,GBR,Northern Europe,Bovine Meat (beef herd),5.2974731290040245,0.21797741367291565,650780,141855.34127006005,383.636363636364,242.106287703262,61.2727272727273,57.3573725149451,54.42086728724127,34.34407006577358,8.691863637820047,8.136449652461499,63.112730925061314
United Kingdom,GBR,Northern Europe,Lamb & Mutton,1.786251336214412,0.07349965482713285,650780,47832.10536840151,577.333333333333,609.967758710792,30.5,17.3925271309261,27.615068832690458,29.176042105982315,1.458879213736246,0.8319211903492394,29.073948046426707
United Kingdom,GBR,Northern Europe,Pig Meat,6.7827561515575825,0.2790929953746741,650780,181628.1395299304,9.66346153846154,18.9672668441835,100.852272727273,40.8624222741696,1.7551565406498084,3.4449893888767833,18.317610662819735,7.421765734343813,20.072767203469546
United Kingdom,GBR,Northern Europe,Poultry Meat,10.43637278322398,0.4294299361252774,650780,279464.413831608,0,0,76,28.2842712474619,0,0,21.23929545120221,7.904447284826143,21.23929545120221
Greece,GRC,Southern Europe,Pig Meat,8.266284894197263,0.3567935754075431,40950,14610.696912938889,0,0,96.5625,40.2166981799849,0,0,1.4108454206556615,0.5875939879469004,1.4108454206556615
Guyana,GUY,South America,Bovine Meat (beef herd),0.78762,0.06039650880849517,16250000,981443.2681380465,1146.125,894.873274961735,139.172413793103,330.215359269579,1124.8566656947187,878.2673515478419,136.58982862776355,324.0876413909147,1261.446494322482
Guyana,GUY,South America,Pig Meat,0.75129,0.05761064104864572,16250000,936172.9170404929,0,0,58.125,35.7235479061081,0,0,54.41505080297865,33.44341805029701,54.41505080297865
Guyana,GUY,South America,Poultry Meat,11.0714,0.8489803555297903,16250000,13795930.777359093,0,0,41.9047619047619,17.7081402550499,0,0,578.1151944798095,244.3002771544344,578.1151944798095
Indonesia,IDN,South-Eastern Asia,Bovine Meat (beef herd),0.663772995854981,0.17428776823073702,1950.0000000000002,339.86114804993724,0,0,460.625,100.939780491708,0,0,0.15654854132050236,0.03430550968182054,0.15654854132050236
Indonesia,IDN,South-Eastern Asia,Pig Meat,0.7198638047119605,0.18901560734890996,1950.0000000000002,368.5804343303745,0,NA,141.875,NA,0,NA,0.05229234912062188,NA,0.05229234912062188
Indonesia,IDN,South-Eastern Asia,Poultry Meat,2.2531596684959068,0.5916151644340987,1950.0000000000002,1153.6495706464925,0,0,59.8095238095238,23.9614202388745,0,0,0.0689992314634283,0.02764308217065774,0.0689992314634283
Ireland,IRL,Northern Europe,Bovine Meat (beef herd),6.2575137952593956,0.2802408070585773,37440,10492.215816273134,383.636363636364,242.106287703262,61.2727272727273,57.3573725149451,4.02519552224297,2.5402314210593393,0.6428866781970995,0.6018059310811769,4.66808220044007
Ireland,IRL,Northern Europe,Lamb & Mutton,1.0362807001242258,0.046409508511519336,37440,1737.5719986712838,577.333333333333,609.967758710792,30.5,17.3925271309261,1.003158233899554,1.0598628976281543,0.052995945959474156,0.030220768128827798,1.0561541798590282
Ireland,IRL,Northern Europe,Pig Meat,7.993047733765318,0.35796615414017957,37440,13402.252811008324,9.66346153846154,18.9672668441835,100.852272727273,40.8624222741696,0.12951215456791698,0.2542041053796033,1.3516476556556727,0.5476485137885987,1.4811598102235897
Ireland,IRL,Northern Europe,Poultry Meat,7.042217770851061,0.3153835302897239,37440,11807.959374047263,0,0,76,28.2842712474619,0,0,0.897404912427592,0.3339795258145632,0.897404912427592
Italy,ITA,Southern Europe,Pig Meat,12.190422088163073,0.49024254415420576,527280,258495.08868162963,0,0,96.5625,40.2166981799849,0,0,24.960932000819863,10.395818962517529,24.960932000819863
Lithuania,LTU,Northern Europe,Bovine Meat (beef herd),1.009971360733922,0.05043177921421156,14820,747.3989679546154,383.636363636364,242.106287703262,61.2727272727273,57.3573725149451,0.28672942225167997,0.1809499895647412,0.045795173127401,0.042868841022258394,0.33252459537908097
Lithuania,LTU,Northern Europe,Lamb & Mutton,0.078028225544008,0.0038962513157329228,14820,57.74244449916191,577.333333333333,609.967758710792,30.5,17.3925271309261,0.033336637957516124,0.035221029453636095,0.0017611445572244383,0.0010042870325576681,0.03509778251474057
Lithuania,LTU,Northern Europe,Pig Meat,11.238893058890568,0.5612014314408141,14820,8317.005213952865,9.66346153846154,18.9672668441835,100.852272727273,40.8624222741696,0.08037106000021761,0.15775085723750945,0.8387888781117259,0.3398529791090123,0.9191599381119435
Lithuania,LTU,Northern Europe,Poultry Meat,7.699594154831501,0.38447053802924147,14820,5697.853373593359,0,0,76,28.2842712474619,0,0,0.4330368563930953,0.16115963034698041,0.4330368563930953
Luxembourg,LUX,Western Europe,Bovine Meat (beef herd),8.097460048028267,0.2961810776841085,63960,18943.74172867558,260.55,56.5226782618688,64.25,14.686177975546,4.935791907406423,1.070751018805868,1.217135406067406,0.278211162550107,6.152927313473829
Luxembourg,LUX,Western Europe,Lamb & Mutton,0.7133521280005178,0.026092305585489434,63960,1668.8638652479042,770.833333333333,876.095980282222,63.3333333333333,49.1667231638093,1.2864158961285923,1.4620849239819407,0.10569471146570054,0.08205256766072845,1.3921106075942928
Luxembourg,LUX,Western Europe,Pig Meat,10.68509716380925,0.3908291704269718,63960,24997.433740509117,85.0378787878788,338.579542971511,76.8990384615385,28.7855653763907,2.125728740433446,8.463619691322206,1.9222786186511707,0.7195652631794199,4.048007359084617
Luxembourg,LUX,Western Europe,Poultry Meat,7.843649660161963,0.2868974463034303,63960,18349.9606655674,0,0,57.7142857142857,23.1093231473042,0,0,1.0590548726984612,0.4240551707609183,1.0590548726984612
Malta,MLT,Southern Europe,Pig Meat,10.795463495992427,0.43167315232199505,910,392.8225686130155,0,0,96.5625,40.2166981799849,0,0,0.03793192928169431,0.015798026680196055,0.03793192928169431
Netherlands,NLD,Western Europe,Bovine Meat (beef herd),5.7878979931068155,0.24240645438356223,184990,44842.769996415176,260.55,56.5226782618688,64.25,14.686177975546,11.683783722565975,2.534633460878358,2.8811479722696753,0.6585689010838276,14.56493169483565
Netherlands,NLD,Western Europe,Lamb & Mutton,0.5073988034603387,0.021250675988375656,184990,3931.1625510896124,770.833333333333,876.095980282222,63.3333333333333,49.1667231638093,3.030271133131575,3.4440757088456144,0.24897362823567534,0.19328238086135732,3.2792447613672504
Netherlands,NLD,Western Europe,Pig Meat,11.829731761427652,0.49544814646206703,184990,91652.95261401778,85.0378787878788,338.579542971511,76.8990384615385,28.7855653763907,7.793972674942043,31.03181480804369,7.048023928178918,2.638282059410048,14.841996603120961
Netherlands,NLD,Western Europe,Poultry Meat,5.7518026420051935,0.24089472316599503,184990,44563.11483847742,0,0,57.7142857142857,23.1093231473042,0,0,2.571928342106411,1.0298234212528015,2.571928342106411
Norway,NOR,Northern Europe,Bovine Meat (beef herd),5.25322164673829,0.28319067910918805,1036230,293450.67741331394,383.636363636364,242.106287703262,61.2727272727273,57.3573725149451,112.57835078947146,71.04625413254492,17.98052332514306,16.831559819158436,130.55887411461453
Norway,NOR,Northern Europe,Lamb & Mutton,1.8766899374752821,0.10116860349895715,1036230,104833.94200372437,577.333333333333,609.967758710792,30.5,17.3925271309261,60.5241291834835,63.945324640828915,3.197435231113593,1.8233271805417095,63.7215644145971
Norway,NOR,Northern Europe,Pig Meat,5.79884538382673,0.3126041642112505,1036230,323929.8130806241,9.66346153846154,18.9672668441835,100.852272727273,40.8624222741696,3.130283289865647,6.144063203486679,32.669057853301666,13.23655680929329,35.79934114316732
Norway,NOR,Northern Europe,Poultry Meat,5.621365031959697,0.30303655318060424,1036230,314015.5675023375,0,0,76,28.2842712474619,0,0,23.865183130177652,8.881701487161797,23.865183130177652
New Zealand,NZL,Australia and New Zealand,Bovine Meat (beef herd),13.0594034610802,0.3540885940056028,1790100.0000000002,633853.9921294296,1490.60714285714,1067.63999583862,83.7666666666667,77.9110909642401,944.8272881966411,676.727873519357,53.095836074041905,49.38425603884272,997.923124270683
New Zealand,NZL,Australia and New Zealand,Lamb & Mutton,7.524898964793705,0.20402776454672975,1790100.0000000002,365230.10131510097,694.447368421052,705.080351897271,66.6521739130435,80.487073324429,253.6330827264261,257.51656835872734,24.343380231132606,29.39630194483717,277.9764629575587
New Zealand,NZL,Australia and New Zealand,Pig Meat,4.740990380074251,0.1285457351001946,1790100.0000000002,230109.72040285837,0,0,293.75,61.8718433538229,0,0,67.59473036833964,14.237312574957636,67.59473036833964
New Zealand,NZL,Australia and New Zealand,Poultry Meat,11.556447194051843,0.31333790634747283,1790100.0000000002,560906.1861526112,0,0,129.428571428571,2.82842712474619,0,0,72.59728637918056,1.5864822713519813,72.59728637918056
Peru,PER,South America,Bovine Meat (beef herd),1.3279634892566357,0.19783798689079263,1001000,198035.82487768342,1146.125,894.873274961735,139.172413793103,330.215359269579,226.9738097879349,177.2169671680412,27.56112376573544,65.39447106023165,254.53493355367036
Peru,PER,South America,Pig Meat,1.4218253853951208,0.21182138984427692,1001000,212033.2112341212,0,0,58.125,35.7235479061081,0,0,12.324430402983294,7.574578579208068,12.324430402983294
Peru,PER,South America,Poultry Meat,3.6057015135477957,0.5371719437623201,1001000,537709.1157060824,0,0,41.9047619047619,17.7081402550499,0,0,22.53257246768345,9.521828437342164,22.53257246768345
Poland,POL,Eastern Europe,Poultry Meat,7.017828104098906,0.34773330868215935,506740,176210.37684159743,0,NA,70.8571428571428,NA,0,NA,12.485763844776038,NA,12.485763844776038
Portugal,PRT,Southern Europe,Pig Meat,10.00469317563616,0.4030399715814532,618540.0000000001,249296.34402199212,0,0,96.5625,40.2166981799849,0,0,24.072678219623615,10.02587582490614,24.072678219623615
Romania,ROU,Eastern Europe,Poultry Meat,4.893997438853685,0.3306521380302522,531830,175850.726568629,0,NA,70.8571428571428,NA,0,NA,12.460280054005702,NA,12.460280054005702
Russia,RUS,Eastern Europe,Poultry Meat,8.11898519524269,0.41382037152068074,390,161.3899448930655,0,NA,70.8571428571428,NA,0,NA,0.011435630380994346,NA,0.011435630380994346
Suriname,SUR,South America,Bovine Meat (beef herd),3.6149,0.20561400343473046,16250000,3341227.55581437,1146.125,894.873274961735,139.172413793103,330.215359269579,3829.464432407745,2989.9752452639987,465.00670397471566,1103.3246577446594,4294.471136382461
Suriname,SUR,South America,Pig Meat,2.8046,0.15952447758805088,16250000,2592272.7608058266,0,0,58.125,35.7235479061081,0,0,150.67585422183868,92.60518015634605,150.67585422183868
Suriname,SUR,South America,Poultry Meat,11.1246,0.6327626054966949,16250000,10282392.339321293,0,0,41.9047619047619,17.7081402550499,0,0,430.8812027906065,182.0820457021521,430.8812027906065
Slovakia,SVK,Eastern Europe,Poultry Meat,5.838979157663864,0.3446784129874785,88140,30379.95532071635,0,NA,70.8571428571428,NA,0,NA,2.152636834153614,NA,2.152636834153614
Slovenia,SVN,Southern Europe,Pig Meat,9.015730912059926,0.4025568531214771,8320,3349.2730179706896,0,0,96.5625,40.2166981799849,0,0,0.3234141757977947,0.13469670208609436,0.3234141757977947
Sweden,SWE,Northern Europe,Bovine Meat (beef herd),6.652343889356303,0.3090282633442366,2476890,765429.0151947063,383.636363636364,242.106287703262,61.2727272727273,57.3573725149451,293.6464040110604,185.31517736915407,46.899923294657476,43.90299715827034,340.54632730571785
Sweden,SWE,Northern Europe,Lamb & Mutton,0.49506119351846095,0.022997593543970938,2476890,56962.50947312618,577.333333333333,609.967758710792,30.5,17.3925271309261,32.886355469151496,34.74529423386504,1.7373565389303482,0.9907219914569821,34.623712008081846
Sweden,SWE,Northern Europe,Pig Meat,9.263228689596787,0.4303144158687797,2476890,1065841.473521222,9.66346153846154,18.9672668441835,100.852272727273,40.8624222741696,10.2997180854695,20.216099641874756,107.4925349716008,43.55286436834733,117.7922530570703
Sweden,SWE,Northern Europe,Poultry Meat,5.11601824752845,0.23765972724301276,2476890,588657.0018109459,0,0,76,28.2842712474619,0,0,44.737932137631894,16.649734310938463,44.737932137631894
Uruguay,URY,South America,Bovine Meat (beef herd),8.433676035547245,0.3690433827986354,24440,9019.42027559865,1146.125,894.873274961735,139.172413793103,330.215359269579,10.3373830633705,8.071238160281238,1.2552544907695184,2.978351106710133,11.59263755414002
Uruguay,URY,South America,Pig Meat,4.584462460366477,0.20060831451859507,24440,4902.867206834463,0,0,58.125,35.7235479061081,0,0,0.2849791563972532,0.17514781154063738,0.2849791563972532
Uruguay,URY,South America,Poultry Meat,7.423749325330294,0.32485070004129063,24440,7939.351109009143,0,0,41.9047619047619,17.7081402550499,0,0,0.3326966179013355,0.14059114297241987,0.3326966179013355
United States,USA,Northern America,Bovine Meat (beef herd),10.014649,0.2983788818527633,33027930,9854836.823311336,849.705882352941,495.44320621867,208.352941176471,226.249155019547,8373.712818396014,4882.511952503181,2053.2842369511072,2229.648504129707,10426.99705534712
United States,USA,Northern America,Pig Meat,6.7742825,0.20183461624114254,33027930,6666179.5767893195,0,0,117.916666666667,60.4486266041945,0,0,786.0536750964094,402.96140011384495,786.0536750964094
United States,USA,Northern America,Poultry Meat,16.6289,0.49544548075937717,33027930,16363538.657337056,0,0,58.6666666666667,6.29436633975555,0,0,959.9942678971079,102.99810692403109,959.9942678971079
Venezuela,VEN,South America,Bovine Meat (beef herd),6.330549786634201,0.22663778131881904,16250000,3682863.9464308093,1146.125,894.873274961735,139.172413793103,330.215359269579,4221.022440603011,3295.6965209810382,512.5530650963689,1216.138241211629,4733.57550569938
Venezuela,VEN,South America,Pig Meat,7.336664308276011,0.26265733264103985,16250000,4268181.6554168975,0,0,58.125,35.7235479061081,0,0,248.08805872110716,152.47459183925733,248.08805872110716
Venezuela,VEN,South America,Poultry Meat,14.134013624933308,0.506006839381949,16250000,8222611.139956672,0,0,41.9047619047619,17.7081402550499,0,0,344.5665620553271,145.6071513290885,344.5665620553271
